{"reason":"benchmark-complete","id":"Solutions/Day 11/Part 01","report_directory":"/Volumes/sources/Personal/AOC2022/target/criterion/reports/Solutions/Day 11_Part 01","iteration_count":[44,88,132,176,220,264,308,352,396,440,484,528,572,616,660,704,748,792,836,880,924,968,1012,1056,1100,1144,1188,1232,1276,1320,1364,1408,1452,1496,1540,1584,1628,1672,1716,1760,1804,1848,1892,1936,1980,2024,2068,2112,2156,2200,2244,2288,2332,2376,2420,2464,2508,2552,2596,2640,2684,2728,2772,2816,2860,2904,2948,2992,3036,3080,3124,3168,3212,3256,3300,3344,3388,3432,3476,3520,3564,3608,3652,3696,3740,3784,3828,3872,3916,3960,4004,4048,4092,4136,4180,4224,4268,4312,4356,4400],"measured_values":[1135833.0,1973875.0,2946750.0,3931291.0,5033083.0,5964833.0,6913041.0,7823041.0,8807583.0,9774083.0,10739750.0,11726791.0,12802041.0,13689583.0,14654666.0,15647916.0,16712666.0,17584000.0,18617291.0,19964083.0,20850750.0,21737375.0,22685041.0,23561333.0,24941708.0,25602875.0,26757500.0,27471666.0,28676041.0,29315000.0,30975166.0,31643166.0,32697208.0,33607083.0,34610125.0,35563708.0,36459083.0,37615916.0,38470541.0,39746500.0,40472291.0,41626416.0,42472875.0,43601916.0,44431250.0,45379625.0,46288875.0,47325416.0,48418583.0,49352750.0,49890375.0,51412875.0,52469416.0,53153833.0,54864083.0,55177458.0,56894833.0,57029500.0,57980000.0,59282750.0,62296625.0,61143208.0,62603458.0,63837250.0,64097541.0,65273791.0,65950083.0,67465500.0,68098166.0,69093666.0,70352791.0,70994833.0,72687500.0,73128250.0,74569458.0,74920041.0,76020958.0,77394666.0,78494500.0,79044208.0,79992750.0,81659083.0,81613833.0,83436458.0,83729458.0,84886458.0,86153083.0,88731125.0,87841041.0,89366458.0,89646125.0,90973875.0,91830083.0,92889083.0,94027750.0,94561833.0,95746875.0,96867416.0,97044291.0,98340583.0],"unit":"ns","throughput":[],"typical":{"estimate":22477.738726910004,"lower_bound":22445.7575669779,"upper_bound":22514.420901512163,"unit":"ns"},"mean":{"estimate":22486.75412611095,"lower_bound":22429.888649635403,"upper_bound":22569.294707894915,"unit":"ns"},"median":{"estimate":22440.697254806124,"lower_bound":22426.040633188255,"upper_bound":22458.67577369439,"unit":"ns"},"median_abs_dev":{"estimate":103.1337088655874,"lower_bound":71.02048172747975,"upper_bound":148.82402038756493,"unit":"ns"},"slope":{"estimate":22477.738726910004,"lower_bound":22445.7575669779,"upper_bound":22514.420901512163,"unit":"ns"},"change":{"mean":{"estimate":-0.014564386105032412,"lower_bound":-0.019839644921003277,"upper_bound":-0.009791263976295657,"unit":"%"},"median":{"estimate":-0.01175848271900426,"lower_bound":-0.014070273989232995,"upper_bound":-0.009704271142362941,"unit":"%"},"change":"NoChange"}}
{"reason":"benchmark-complete","id":"Solutions/Day 11/Part 02","report_directory":"/Volumes/sources/Personal/AOC2022/target/criterion/reports/Solutions/Day 11_Part 02","iteration_count":[8,8,8,8,8,8,8,8,8,8,8,8,8,8,8,8,8,8,8,8,8,8,8,8,8,8,8,8,8,8,8,8,8,8,8,8,8,8,8,8,8,8,8,8,8,8,8,8,8,8,8,8,8,8,8,8,8,8,8,8,8,8,8,8,8,8,8,8,8,8,8,8,8,8,8,8,8,8,8,8,8,8,8,8,8,8,8,8,8,8,8,8,8,8,8,8,8,8,8,8],"measured_values":[56685541.0,56326375.0,56259458.0,56529916.0,56588083.0,56506333.0,56928750.0,56584041.0,56537083.0,56714375.0,56738875.0,56673625.0,56726916.0,57707875.0,56560625.0,56680083.0,56677875.0,56562250.0,56730791.0,56471291.0,56820166.0,56569000.0,56745583.0,56747958.0,56456291.0,56615333.0,56656208.0,56707125.0,56740291.0,56680458.0,56455750.0,56634916.0,56866000.0,56913041.0,56674875.0,56685666.0,56659000.0,56648083.0,56940791.0,56681416.0,56652541.0,56813375.0,56620708.0,56372125.0,56625916.0,56436375.0,56673833.0,56908291.0,57404000.0,56337125.0,56914583.0,56788875.0,56509041.0,56589875.0,56569458.0,56621583.0,56506416.0,56417833.0,56617500.0,56957166.0,56590833.0,56523500.0,56638041.0,56576166.0,56564583.0,56730041.0,56602041.0,56544750.0,56785333.0,56544958.0,56431541.0,56454958.0,56549041.0,56433291.0,56544333.0,56382625.0,56601375.0,56577416.0,56694625.0,56530000.0,56596041.0,56538916.0,56756208.0,57910750.0,56642375.0,56756291.0,56558625.0,56529125.0,56577416.0,56440833.0,56442416.0,56871791.0,56533875.0,56558083.0,56699583.0,56493916.0,56637083.0,56602208.0,56583625.0,56526000.0],"unit":"ns","throughput":[],"typical":{"estimate":7081224.1775,"lower_bound":7075949.1644375,"upper_bound":7087232.8725,"unit":"ns"},"mean":{"estimate":7081224.1775,"lower_bound":7075949.1644375,"upper_bound":7087232.8725,"unit":"ns"},"median":{"estimate":7076096.3125,"lower_bound":7072177.0,"upper_bound":7081010.375,"unit":"ns"},"median_abs_dev":{"estimate":14687.005989253521,"lower_bound":12015.175511687994,"upper_bound":20262.137865275145,"unit":"ns"},"slope":null,"change":{"mean":{"estimate":-0.012241672895935363,"lower_bound":-0.0142067379721272,"upper_bound":-0.010342012303680884,"unit":"%"},"median":{"estimate":-0.010747282023298332,"lower_bound":-0.01199855930113003,"upper_bound":-0.009269618132671797,"unit":"%"},"change":"Improved"}}
{"reason":"group-complete","group_name":"Solutions","benchmarks":["Solutions/Part 01/Day 02","Solutions/Part 02/Day 01","Solutions/Part 01/Day 01","Solutions/Day 01/Part 01","Solutions/Day 01/Part 02","Solutions/Day 02/Part 01","Solutions/Day 02/Part 02","Solutions/Day 03/Part 01","Solutions/Day 03/Part 02","Solutions/Day 04/Part 01","Solutions/Day 04/Part 02","Solutions/Day 05/Part 01","Solutions/Day 05/Part 02","Solutions/Day 06/Part 01","Solutions/Day 06/Part 02","Solutions/Day 07/Part 01","Solutions/Day 07/Part 02","Solutions/Day 08/Part 01","Solutions/Day 08/Part 02","Solutions/Day 09/Part 01","Solutions/Day 09/Part 02","Solutions/Day 10/Part 01","Solutions/Day 10/Part 02","Solutions/Day 11/Part 01","Solutions/Day 11/Part 02"],"report_directory":"/Volumes/sources/Personal/AOC2022/target/criterion/reports/Solutions"}
