{"reason":"benchmark-complete","id":"Solutions/Day 08/Part 01","report_directory":"/Volumes/sources/Personal/AOC2022/target/criterion/reports/Solutions/Day 08_Part 01","iteration_count":[3,6,9,12,15,18,21,24,27,30,33,36,39,42,45,48,51,54,57,60,63,66,69,72,75,78,81,84,87,90,93,96,99,102,105,108,111,114,117,120,123,126,129,132,135,138,141,144,147,150,153,156,159,162,165,168,171,174,177,180,183,186,189,192,195,198,201,204,207,210,213,216,219,222,225,228,231,234,237,240,243,246,249,252,255,258,261,264,267,270,273,276,279,282,285,288,291,294,297,300],"measured_values":[1364541.0,2553333.0,3744333.0,5099125.0,6147958.0,7397375.0,8517083.0,9612875.0,10771541.0,11945541.0,13469625.0,15604000.0,15653750.0,16723166.0,17877916.0,19077541.0,20300166.0,22211250.0,22905041.0,23847500.0,25163791.0,26079875.0,27654208.0,28629250.0,31068791.0,33851875.0,34599333.0,34954458.0,35448333.0,36359541.0,37090958.0,38382333.0,39218625.0,40410500.0,41525875.0,42275375.0,43221541.0,45167375.0,46447708.0,47093250.0,48713583.0,49706125.0,50592541.0,51606000.0,52742958.0,53744000.0,54900625.0,57928500.0,58878291.0,59540791.0,60571541.0,61137333.0,61506625.0,62362041.0,63969708.0,66078208.0,68006333.0,68429875.0,71138708.0,72542750.0,73094750.0,74903791.0,75784500.0,75220750.0,76140708.0,77256250.0,79418166.0,80011375.0,81496708.0,83962875.0,84268625.0,85080500.0,86574833.0,86329125.0,87971458.0,90907916.0,91797583.0,92197875.0,92663791.0,92669791.0,95193250.0,96018000.0,100891083.0,101494666.0,100946083.0,102583125.0,102810250.0,103754583.0,104408625.0,106001916.0,106445916.0,107061958.0,109385625.0,109588041.0,110768375.0,111607416.0,112705208.0,113759958.0,114912750.0,116046541.0],"unit":"ns","throughput":[],"typical":{"estimate":393229.94261267915,"lower_bound":391945.98159683775,"upper_bound":394657.12689339486,"unit":"ns"},"mean":{"estimate":398433.2204062973,"lower_bound":396355.8888966244,"upper_bound":400807.9339975284,"unit":"ns"},"median":{"estimate":396096.5587583149,"lower_bound":394008.0128205128,"upper_bound":397609.011627907,"unit":"ns"},"median_abs_dev":{"estimate":7093.274328556809,"lower_bound":5471.372584207327,"upper_bound":8691.226443756352,"unit":"ns"},"slope":{"estimate":393229.94261267915,"lower_bound":391945.98159683775,"upper_bound":394657.12689339486,"unit":"ns"},"change":{"mean":{"estimate":-0.11950060345351299,"lower_bound":-0.12525960820470855,"upper_bound":-0.11360345737419751,"unit":"%"},"median":{"estimate":-0.12448385981769372,"lower_bound":-0.13101808394509795,"upper_bound":-0.11928334944793373,"unit":"%"},"change":"Improved"}}
{"reason":"benchmark-complete","id":"Solutions/Day 08/Part 02","report_directory":"/Volumes/sources/Personal/AOC2022/target/criterion/reports/Solutions/Day 08_Part 02","iteration_count":[3,6,9,12,15,18,21,24,27,30,33,36,39,42,45,48,51,54,57,60,63,66,69,72,75,78,81,84,87,90,93,96,99,102,105,108,111,114,117,120,123,126,129,132,135,138,141,144,147,150,153,156,159,162,165,168,171,174,177,180,183,186,189,192,195,198,201,204,207,210,213,216,219,222,225,228,231,234,237,240,243,246,249,252,255,258,261,264,267,270,273,276,279,282,285,288,291,294,297,300],"measured_values":[1592000.0,2848833.0,4171833.0,5747583.0,7057791.0,8375791.0,9693083.0,11038541.0,12345333.0,13711875.0,15123541.0,16407208.0,17742916.0,19094083.0,20438833.0,21882958.0,23369166.0,24705500.0,26226750.0,27164916.0,28796583.0,30067291.0,31289541.0,32672458.0,33993875.0,35207333.0,36514541.0,37810750.0,39086791.0,40410500.0,42008708.0,44186625.0,45848375.0,46257458.0,47445083.0,48693458.0,49692625.0,51192708.0,52980750.0,54026875.0,54961958.0,58602083.0,59123500.0,60158750.0,63931000.0,63491500.0,64332291.0,65712041.0,67007750.0,69011375.0,69937541.0,71067291.0,76025208.0,75437000.0,76886375.0,77715250.0,78606500.0,79476166.0,80304583.0,81461416.0,82557375.0,83376291.0,86795791.0,87503208.0,88645125.0,89134166.0,90902833.0,92760291.0,93454375.0,94110666.0,95019958.0,96948250.0,98996541.0,100765916.0,102207166.0,106781375.0,104797916.0,105786125.0,107557000.0,108400125.0,109531250.0,110816583.0,113344375.0,113081125.0,113515000.0,114459833.0,117359833.0,120182500.0,121175541.0,122345041.0,123544958.0,124813375.0,128491000.0,128034208.0,129387583.0,130444083.0,131347750.0,132633291.0,134278750.0,135187333.0],"unit":"ns","throughput":[],"typical":{"estimate":453584.61787301116,"lower_bound":452452.10684560897,"upper_bound":454837.0939275232,"unit":"ns"},"mean":{"estimate":456304.32965130376,"lower_bound":454592.81396205415,"upper_bound":458468.94928039075,"unit":"ns"},"median":{"estimate":454006.7667413214,"lower_bound":453251.6666666667,"upper_bound":455559.5576923077,"unit":"ns"},"median_abs_dev":{"estimate":4583.603614608309,"lower_bound":3402.7118479674336,"upper_bound":6139.395876223989,"unit":"ns"},"slope":{"estimate":453584.61787301116,"lower_bound":452452.10684560897,"upper_bound":454837.0939275232,"unit":"ns"},"change":{"mean":{"estimate":-0.09187048675949605,"lower_bound":-0.09656349263312043,"upper_bound":-0.08733449429772977,"unit":"%"},"median":{"estimate":-0.09138806186815562,"lower_bound":-0.09420784593171372,"upper_bound":-0.08785146145162936,"unit":"%"},"change":"Improved"}}
{"reason":"group-complete","group_name":"Solutions","benchmarks":["Solutions/Part 01/Day 02","Solutions/Part 02/Day 01","Solutions/Part 01/Day 01","Solutions/Day 01/Part 01","Solutions/Day 01/Part 02","Solutions/Day 02/Part 01","Solutions/Day 02/Part 02","Solutions/Day 03/Part 01","Solutions/Day 03/Part 02","Solutions/Day 04/Part 01","Solutions/Day 04/Part 02","Solutions/Day 05/Part 01","Solutions/Day 05/Part 02","Solutions/Day 06/Part 01","Solutions/Day 06/Part 02","Solutions/Day 07/Part 01","Solutions/Day 07/Part 02","Solutions/Day 08/Part 01","Solutions/Day 08/Part 02","Solutions/Day 09/Part 01","Solutions/Day 09/Part 02","Solutions/Day 10/Part 01","Solutions/Day 10/Part 02","Solutions/Day 11/Part 01","Solutions/Day 11/Part 02"],"report_directory":"/Volumes/sources/Personal/AOC2022/target/criterion/reports/Solutions"}
