{"reason":"benchmark-complete","id":"Solutions/Day 03/Part 01","report_directory":"/Volumes/sources/Personal/AOC2022/target/criterion/reports/Solutions/Day 03_Part 01","iteration_count":[6,12,18,24,30,36,42,48,54,60,66,72,78,84,90,96,102,108,114,120,126,132,138,144,150,156,162,168,174,180,186,192,198,204,210,216,222,228,234,240,246,252,258,264,270,276,282,288,294,300,306,312,318,324,330,336,342,348,354,360,366,372,378,384,390,396,402,408,414,420,426,432,438,444,450,456,462,468,474,480,486,492,498,504,510,516,522,528,534,540,546,552,558,564,570,576,582,588,594,600],"measured_values":[1168666.0,2281708.0,3318083.0,4524666.0,5529583.0,6577291.0,7726500.0,8137875.0,9082750.0,10167375.0,11168541.0,11974125.0,13480625.0,14412708.0,15294416.0,16089875.0,17193625.0,18506250.0,20164083.0,22171666.0,21550875.0,23560708.0,24353166.0,25282250.0,26542500.0,28030958.0,28795166.0,29583750.0,31049791.0,30308916.0,32680541.0,32896083.0,35070375.0,35471875.0,36029875.0,37890416.0,39004333.0,40082583.0,41428250.0,42665666.0,43949666.0,44967875.0,46264375.0,46874166.0,47111791.0,48237750.0,49628125.0,51020916.0,52238291.0,52325166.0,53102458.0,55276458.0,55465666.0,57080875.0,58896250.0,58665583.0,60075083.0,61611875.0,62204916.0,62942208.0,64334208.0,67338125.0,65977833.0,68165666.0,69050875.0,70806666.0,72102541.0,71817208.0,70366666.0,74041000.0,74809666.0,75670208.0,76989875.0,79898875.0,78993166.0,77723041.0,81482791.0,82436000.0,82714291.0,85240250.0,85863125.0,87988750.0,88572250.0,88418500.0,90567583.0,91876375.0,93866375.0,92544541.0,94208625.0,93141541.0,95689250.0,99401041.0,97714750.0,99370375.0,99593208.0,100797791.0,100679750.0,104180666.0,102711083.0,106130166.0],"unit":"ns","throughput":[],"typical":{"estimate":176051.99421506329,"lower_bound":175473.8251104351,"upper_bound":176624.25253028664,"unit":"ns"},"mean":{"estimate":176195.38235916666,"lower_bound":175349.74566661802,"upper_bound":177098.4846427874,"unit":"ns"},"median":{"estimate":176058.15931372548,"lower_bound":175609.54460093897,"upper_bound":176877.92105263157,"unit":"ns"},"median_abs_dev":{"estimate":2417.326307083864,"lower_bound":1902.1223719930792,"upper_bound":3667.2096141973884,"unit":"ns"},"slope":{"estimate":176051.99421506329,"lower_bound":175473.8251104351,"upper_bound":176624.25253028664,"unit":"ns"},"change":{"mean":{"estimate":0.01807377674881261,"lower_bound":0.01115608928279859,"upper_bound":0.025312075099083266,"unit":"%"},"median":{"estimate":0.013861739924928118,"lower_bound":0.00956402557695224,"upper_bound":0.022788550436700694,"unit":"%"},"change":"Regressed"}}
{"reason":"benchmark-complete","id":"Solutions/Day 03/Part 02","report_directory":"/Volumes/sources/Personal/AOC2022/target/criterion/reports/Solutions/Day 03_Part 02","iteration_count":[4,8,12,16,20,24,28,32,36,40,44,48,52,56,60,64,68,72,76,80,84,88,92,96,100,104,108,112,116,120,124,128,132,136,140,144,148,152,156,160,164,168,172,176,180,184,188,192,196,200,204,208,212,216,220,224,228,232,236,240,244,248,252,256,260,264,268,272,276,280,284,288,292,296,300,304,308,312,316,320,324,328,332,336,340,344,348,352,356,360,364,368,372,376,380,384,388,392,396,400],"measured_values":[1153916.0,2097250.0,3070875.0,4232458.0,5094333.0,6609666.0,7553916.0,8407625.0,9472708.0,11055000.0,11571208.0,12887166.0,14124666.0,14902208.0,16011416.0,17478458.0,18411375.0,18992833.0,20036750.0,20755625.0,21829791.0,23210666.0,25154833.0,24976041.0,25568208.0,26574916.0,28016541.0,28672625.0,30236875.0,30792250.0,32548583.0,33478541.0,34224041.0,35104250.0,36128500.0,37008291.0,37925125.0,38810708.0,39837916.0,41526333.0,41956583.0,43640166.0,44207875.0,44879041.0,45757541.0,50075666.0,53361875.0,50854416.0,51553375.0,55230500.0,58103208.0,56367000.0,56876916.0,59816458.0,57991916.0,57703708.0,58291583.0,60456375.0,60365666.0,62214250.0,74714458.0,66462958.0,66794791.0,66164916.0,67157875.0,68843708.0,68168166.0,74320375.0,72838291.0,74106500.0,74137583.0,74003708.0,74577708.0,75515000.0,76471541.0,78329125.0,79009916.0,80306916.0,81837125.0,82611000.0,84463625.0,84869083.0,85915750.0,86848916.0,88161583.0,88561208.0,88933166.0,93823625.0,93418708.0,96929583.0,95105625.0,96223666.0,96678208.0,97391083.0,98057291.0,99134208.0,103001000.0,102579958.0,103553083.0,105672666.0],"unit":"ns","throughput":[],"typical":{"estimate":261573.95054455445,"lower_bound":260187.92539602955,"upper_bound":263256.1762178255,"unit":"ns"},"mean":{"estimate":262824.883202497,"lower_bound":261311.10450066577,"upper_bound":264522.9191502665,"unit":"ns"},"median":{"estimate":260625.2693965517,"lower_bound":259273.03787878787,"upper_bound":262156.25,"unit":"ns"},"median_abs_dev":{"estimate":5356.625469059835,"lower_bound":4117.303676903241,"upper_bound":7048.853899857832,"unit":"ns"},"slope":{"estimate":261573.95054455445,"lower_bound":260187.92539602955,"upper_bound":263256.1762178255,"unit":"ns"},"change":{"mean":{"estimate":0.015024574096194954,"lower_bound":0.007994659169645533,"upper_bound":0.022267107754304426,"unit":"%"},"median":{"estimate":0.009127001274997992,"lower_bound":0.0011844635049353958,"upper_bound":0.014885409233646785,"unit":"%"},"change":"NoChange"}}
{"reason":"group-complete","group_name":"Solutions","benchmarks":["Solutions/Part 01/Day 02","Solutions/Part 02/Day 01","Solutions/Part 01/Day 01","Solutions/Day 01/Part 01","Solutions/Day 01/Part 02","Solutions/Day 02/Part 01","Solutions/Day 02/Part 02","Solutions/Day 03/Part 01","Solutions/Day 03/Part 02","Solutions/Day 04/Part 01","Solutions/Day 04/Part 02","Solutions/Day 05/Part 01","Solutions/Day 05/Part 02","Solutions/Day 06/Part 01","Solutions/Day 06/Part 02","Solutions/Day 07/Part 01","Solutions/Day 07/Part 02","Solutions/Day 08/Part 01","Solutions/Day 08/Part 02","Solutions/Day 09/Part 01","Solutions/Day 09/Part 02","Solutions/Day 10/Part 01","Solutions/Day 10/Part 02","Solutions/Day 11/Part 01","Solutions/Day 11/Part 02","Solutions/Day 12/Part 01","Solutions/Day 12/Part 02"],"report_directory":"/Volumes/sources/Personal/AOC2022/target/criterion/reports/Solutions"}
