{"reason":"benchmark-complete","id":"Solutions/Day 11/Part 01","report_directory":"/Volumes/sources/Personal/AOC2022/target/criterion/reports/Solutions/Day 11_Part 01","iteration_count":[44,88,132,176,220,264,308,352,396,440,484,528,572,616,660,704,748,792,836,880,924,968,1012,1056,1100,1144,1188,1232,1276,1320,1364,1408,1452,1496,1540,1584,1628,1672,1716,1760,1804,1848,1892,1936,1980,2024,2068,2112,2156,2200,2244,2288,2332,2376,2420,2464,2508,2552,2596,2640,2684,2728,2772,2816,2860,2904,2948,2992,3036,3080,3124,3168,3212,3256,3300,3344,3388,3432,3476,3520,3564,3608,3652,3696,3740,3784,3828,3872,3916,3960,4004,4048,4092,4136,4180,4224,4268,4312,4356,4400],"measured_values":[1212875.0,2179833.0,3304375.0,4434666.0,5422625.0,5983833.0,7022750.0,7981958.0,8929166.0,9875416.0,11019291.0,11983250.0,12820083.0,13788750.0,14768125.0,15735458.0,16751041.0,18011791.0,18931208.0,19777291.0,20785000.0,21761208.0,22729666.0,23711625.0,24664791.0,25632750.0,26665833.0,27698666.0,28595625.0,29592708.0,30626750.0,31602791.0,32690333.0,33589375.0,34669000.0,36838041.0,36912250.0,37995291.0,38723125.0,39597208.0,41007416.0,41499166.0,42656791.0,43503750.0,44498458.0,45488041.0,46411083.0,47359625.0,48394125.0,49246083.0,50313333.0,51172291.0,52415333.0,53696458.0,54240833.0,55712583.0,56348416.0,57362125.0,58352541.0,59460666.0,60142833.0,61092000.0,62153500.0,65208791.0,64157333.0,64997208.0,66028416.0,67051833.0,68417333.0,69036416.0,70103666.0,71512541.0,72396125.0,73112458.0,73878416.0,74839791.0,75769875.0,76993208.0,77749750.0,78540458.0,79727333.0,80608333.0,81923500.0,82343291.0,83337375.0,84366583.0,85327875.0,86468500.0,87679291.0,91068458.0,90275916.0,90841500.0,91834083.0,92803500.0,93873083.0,96310291.0,96458083.0,96997333.0,97937708.0,99138083.0],"unit":"ns","throughput":[],"typical":{"estimate":22473.812056705672,"lower_bound":22434.362403687945,"upper_bound":22518.62387117774,"unit":"ns"},"mean":{"estimate":22643.025397237358,"lower_bound":22523.156778348308,"upper_bound":22797.436297812554,"unit":"ns"},"median":{"estimate":22455.47238797239,"lower_bound":22441.714395001913,"upper_bound":22477.32170846395,"unit":"ns"},"median_abs_dev":{"estimate":93.77711698454398,"lower_bound":62.895700246786255,"upper_bound":125.34166367575963,"unit":"ns"},"slope":{"estimate":22473.812056705672,"lower_bound":22434.362403687945,"upper_bound":22518.62387117774,"unit":"ns"},"change":{"mean":{"estimate":0.006949481025585236,"lower_bound":0.0001483179534676419,"upper_bound":0.014175414913446299,"unit":"%"},"median":{"estimate":0.000658407936192873,"lower_bound":-0.0004458312775076356,"upper_bound":0.0019399770075729794,"unit":"%"},"change":"NoChange"}}
{"reason":"benchmark-complete","id":"Solutions/Day 11/Part 02","report_directory":"/Volumes/sources/Personal/AOC2022/target/criterion/reports/Solutions/Day 11_Part 02","iteration_count":[8,8,8,8,8,8,8,8,8,8,8,8,8,8,8,8,8,8,8,8,8,8,8,8,8,8,8,8,8,8,8,8,8,8,8,8,8,8,8,8,8,8,8,8,8,8,8,8,8,8,8,8,8,8,8,8,8,8,8,8,8,8,8,8,8,8,8,8,8,8,8,8,8,8,8,8,8,8,8,8,8,8,8,8,8,8,8,8,8,8,8,8,8,8,8,8,8,8,8,8],"measured_values":[56381416.0,56595208.0,56418416.0,56074833.0,55897416.0,55618750.0,55887125.0,55787791.0,55817583.0,56014666.0,55712750.0,55798750.0,55605375.0,56118375.0,55877375.0,56022125.0,57621125.0,56182166.0,56103250.0,55686458.0,56009000.0,55810125.0,55873208.0,55971291.0,55840333.0,56118333.0,55807625.0,56128666.0,56074583.0,56611291.0,56453375.0,56583958.0,56254000.0,55952125.0,56200208.0,55829083.0,56040541.0,55760958.0,55857666.0,56034375.0,55703041.0,55800000.0,55913625.0,56019458.0,56037416.0,55923625.0,55747958.0,55726625.0,55909416.0,55616750.0,55901208.0,56192041.0,56644125.0,56379791.0,56561041.0,56421916.0,56396375.0,56444458.0,56569041.0,56440166.0,56482250.0,56399041.0,56396791.0,56420375.0,56391625.0,56404375.0,56438708.0,56902125.0,56452833.0,56407208.0,56168375.0,55432541.0,55305333.0,55299208.0,55345541.0,55317791.0,55412250.0,55326291.0,55305833.0,55662916.0,55381208.0,55304500.0,55321958.0,55325750.0,56959000.0,57151166.0,57178208.0,58169000.0,57843500.0,57209416.0,58891416.0,58650416.0,58153583.0,57690125.0,58311375.0,57828666.0,57662125.0,57359333.0,59117875.0,57947958.0],"unit":"ns","throughput":[],"typical":{"estimate":7039384.70125,"lower_bound":7019874.127906251,"upper_bound":7060162.24796875,"unit":"ns"},"mean":{"estimate":7039384.70125,"lower_bound":7019874.127906251,"upper_bound":7060162.24796875,"unit":"ns"},"median":{"estimate":7011130.1875,"lower_bound":6996411.375,"upper_bound":7047473.875,"unit":"ns"},"median_abs_dev":{"estimate":64006.62073865533,"lower_bound":53570.50686143339,"upper_bound":88488.88676650822,"unit":"ns"},"slope":null,"change":{"mean":{"estimate":-0.005908508924620914,"lower_bound":-0.008568127540168525,"upper_bound":-0.0028220096269741513,"unit":"%"},"median":{"estimate":-0.009181068505983547,"lower_bound":-0.011144246454710127,"upper_bound":-0.004597740884002444,"unit":"%"},"change":"NoChange"}}
{"reason":"group-complete","group_name":"Solutions","benchmarks":["Solutions/Part 01/Day 02","Solutions/Part 02/Day 01","Solutions/Part 01/Day 01","Solutions/Day 01/Part 01","Solutions/Day 01/Part 02","Solutions/Day 02/Part 01","Solutions/Day 02/Part 02","Solutions/Day 03/Part 01","Solutions/Day 03/Part 02","Solutions/Day 04/Part 01","Solutions/Day 04/Part 02","Solutions/Day 05/Part 01","Solutions/Day 05/Part 02","Solutions/Day 06/Part 01","Solutions/Day 06/Part 02","Solutions/Day 07/Part 01","Solutions/Day 07/Part 02","Solutions/Day 08/Part 01","Solutions/Day 08/Part 02","Solutions/Day 09/Part 01","Solutions/Day 09/Part 02","Solutions/Day 10/Part 01","Solutions/Day 10/Part 02","Solutions/Day 11/Part 01","Solutions/Day 11/Part 02"],"report_directory":"/Volumes/sources/Personal/AOC2022/target/criterion/reports/Solutions"}
