{"reason":"benchmark-complete","id":"Solutions/Day 02/Part 01","report_directory":"/Volumes/sources/Personal/AOC2022/target/criterion/reports/Solutions/Day 02_Part 01","iteration_count":[6,12,18,24,30,36,42,48,54,60,66,72,78,84,90,96,102,108,114,120,126,132,138,144,150,156,162,168,174,180,186,192,198,204,210,216,222,228,234,240,246,252,258,264,270,276,282,288,294,300,306,312,318,324,330,336,342,348,354,360,366,372,378,384,390,396,402,408,414,420,426,432,438,444,450,456,462,468,474,480,486,492,498,504,510,516,522,528,534,540,546,552,558,564,570,576,582,588,594,600],"measured_values":[1219375.0,2158583.0,3189291.0,4551958.0,5340500.0,6532750.0,7524333.0,8602208.0,9673708.0,10736208.0,11803000.0,12872291.0,13897208.0,15128416.0,16196000.0,17258083.0,18346208.0,19464166.0,20493125.0,21592416.0,22741041.0,23787958.0,24751708.0,26108500.0,27060958.0,28202583.0,29386666.0,30505416.0,31544583.0,32366625.0,33636375.0,34584166.0,36331416.0,36937625.0,38442958.0,38755541.0,39992291.0,41049458.0,42489750.0,43812208.0,45986791.0,46073708.0,47080458.0,48262375.0,49381416.0,50550041.0,51878333.0,52342291.0,53079291.0,54580166.0,55317166.0,56399791.0,57176958.0,58316958.0,59160583.0,60251500.0,61291416.0,62308833.0,64876166.0,64859916.0,65503000.0,67076166.0,69099833.0,69719500.0,70043000.0,71057291.0,72112375.0,73132541.0,74685583.0,76947583.0,77694166.0,78436916.0,79391083.0,80513833.0,81163583.0,83313708.0,83534208.0,85318166.0,86004625.0,85673875.0,92399750.0,89448500.0,92423666.0,93903250.0,95420625.0,96344166.0,96976500.0,98236041.0,100475083.0,99217583.0,100818541.0,101794958.0,100938500.0,104528041.0,104739833.0,104675958.0,105802708.0,106174875.0,109241083.0,110167333.0],"unit":"ns","throughput":[],"typical":{"estimate":182661.40684252008,"lower_bound":181962.96575437958,"upper_bound":183343.4805000416,"unit":"ns"},"mean":{"estimate":181807.7978041924,"lower_bound":181205.61852180786,"upper_bound":182498.81464472387,"unit":"ns"},"median":{"estimate":180980.07919565676,"lower_bound":180406.38666666666,"upper_bound":181570.5275297619,"unit":"ns"},"median_abs_dev":{"estimate":2257.104131263854,"lower_bound":1483.8796970060878,"upper_bound":2686.546191546694,"unit":"ns"},"slope":{"estimate":182661.40684252008,"lower_bound":181962.96575437958,"upper_bound":183343.4805000416,"unit":"ns"},"change":{"mean":{"estimate":-0.0005300623366443213,"lower_bound":-0.004825035271522907,"upper_bound":0.004360280068919289,"unit":"%"},"median":{"estimate":0.0010381359545490465,"lower_bound":-0.0048283426165862675,"upper_bound":0.005409075274575015,"unit":"%"},"change":"NoChange"}}
{"reason":"benchmark-complete","id":"Solutions/Day 02/Part 02","report_directory":"/Volumes/sources/Personal/AOC2022/target/criterion/reports/Solutions/Day 02_Part 02","iteration_count":[6,12,18,24,30,36,42,48,54,60,66,72,78,84,90,96,102,108,114,120,126,132,138,144,150,156,162,168,174,180,186,192,198,204,210,216,222,228,234,240,246,252,258,264,270,276,282,288,294,300,306,312,318,324,330,336,342,348,354,360,366,372,378,384,390,396,402,408,414,420,426,432,438,444,450,456,462,468,474,480,486,492,498,504,510,516,522,528,534,540,546,552,558,564,570,576,582,588,594,600],"measured_values":[1183083.0,2124625.0,3100708.0,4191250.0,5264708.0,6211833.0,7277875.0,8323500.0,9233666.0,10280625.0,11399875.0,12365833.0,13391458.0,14408875.0,15680458.0,16990625.0,18673791.0,18775000.0,19846250.0,21031375.0,21930541.0,22777666.0,23813000.0,25086916.0,25826083.0,27005000.0,27954291.0,29135000.0,30073000.0,31155541.0,32087958.0,33214125.0,34232291.0,35282333.0,36268166.0,37378958.0,38325541.0,39461583.0,40969625.0,41902458.0,42495375.0,43524500.0,44440125.0,45754500.0,46605458.0,47553250.0,48640875.0,49877291.0,50746500.0,52222208.0,52881166.0,53774458.0,54842708.0,55741666.0,56810750.0,57912583.0,58908958.0,59950500.0,61592833.0,62528541.0,63451666.0,64227666.0,65404750.0,67832666.0,67362125.0,68391375.0,69705083.0,70807291.0,71527208.0,72579125.0,73562625.0,74688083.0,75948083.0,77143000.0,77782541.0,78683583.0,79867625.0,80895166.0,82055833.0,85129125.0,84223708.0,84862958.0,86036708.0,86899333.0,88159541.0,89902500.0,90006541.0,91062291.0,93483333.0,94321750.0,94950708.0,95790500.0,96721708.0,97970208.0,98886541.0,100586500.0,101246208.0,101603875.0,102626833.0,103761041.0],"unit":"ns","throughput":[],"typical":{"estimate":173312.99141717158,"lower_bound":173073.8750744431,"upper_bound":173579.98426734417,"unit":"ns"},"mean":{"estimate":173568.03027385057,"lower_bound":173115.47648995888,"upper_bound":174196.48918787614,"unit":"ns"},"median":{"estimate":172889.71980218854,"lower_bound":172772.44612794614,"upper_bound":173147.00627670938,"unit":"ns"},"median_abs_dev":{"estimate":701.1927978655459,"lower_bound":506.20425907365336,"upper_bound":977.7007702270048,"unit":"ns"},"slope":{"estimate":173312.99141717158,"lower_bound":173073.8750744431,"upper_bound":173579.98426734417,"unit":"ns"},"change":null}
{"reason":"group-complete","group_name":"Solutions","benchmarks":["Solutions/Part 01/Day 02","Solutions/Part 02/Day 01","Solutions/Part 01/Day 01","Solutions/Day 01/Part 01","Solutions/Day 01/Part 02","Solutions/Day 02/Part 01","Solutions/Day 02/Part 02"],"report_directory":"/Volumes/sources/Personal/AOC2022/target/criterion/reports/Solutions"}
