{"reason":"benchmark-complete","id":"Solutions/Day 11/Part 01","report_directory":"/Volumes/sources/Personal/AOC2022/target/criterion/reports/Solutions/Day 11_Part 01","iteration_count":[47,94,141,188,235,282,329,376,423,470,517,564,611,658,705,752,799,846,893,940,987,1034,1081,1128,1175,1222,1269,1316,1363,1410,1457,1504,1551,1598,1645,1692,1739,1786,1833,1880,1927,1974,2021,2068,2115,2162,2209,2256,2303,2350,2397,2444,2491,2538,2585,2632,2679,2726,2773,2820,2867,2914,2961,3008,3055,3102,3149,3196,3243,3290,3337,3384,3431,3478,3525,3572,3619,3666,3713,3760,3807,3854,3901,3948,3995,4042,4089,4136,4183,4230,4277,4324,4371,4418,4465,4512,4559,4606,4653,4700],"measured_values":[999125.0,1953416.0,2911125.0,3881166.0,4895125.0,5904291.0,6893125.0,8234500.0,8786583.0,9722875.0,10686875.0,11644083.0,12661333.0,13567458.0,14546416.0,15528458.0,16928375.0,17681458.0,18802750.0,19463500.0,20563625.0,21368250.0,22433250.0,23391208.0,24403041.0,25420083.0,26288250.0,28466041.0,28145041.0,29280875.0,30431041.0,31021666.0,32170333.0,33277208.0,34089458.0,35095083.0,35985541.0,37191875.0,38227875.0,39128583.0,39999625.0,42965750.0,42000916.0,43384458.0,44404958.0,45347166.0,46021166.0,47007083.0,47916583.0,48877083.0,49888583.0,50880583.0,51836666.0,52818041.0,53888666.0,54675208.0,55760208.0,56751500.0,58214291.0,58629541.0,60532541.0,61812375.0,61619333.0,62825083.0,63826041.0,64444041.0,65482541.0,66493041.0,67433375.0,68476625.0,69519125.0,70511291.0,71461291.0,72312458.0,73245333.0,76425291.0,75595791.0,75769541.0,77398333.0,78238333.0,79877166.0,80088125.0,80872125.0,81924916.0,83197208.0,84127666.0,85299208.0,85974750.0,89463166.0,88604000.0,88425958.0,89866583.0,91042041.0,91607875.0,92686416.0,93542583.0,95634166.0,97495500.0,97292000.0,99801125.0],"unit":"ns","throughput":[],"typical":{"estimate":20876.973738197572,"lower_bound":20831.919659239953,"upper_bound":20926.708373167094,"unit":"ns"},"mean":{"estimate":20863.00483103383,"lower_bound":20822.257478724212,"upper_bound":20909.16895998631,"unit":"ns"},"median":{"estimate":20810.60128897895,"lower_bound":20791.3910293272,"upper_bound":20824.72590409064,"unit":"ns"},"median_abs_dev":{"estimate":102.11846956571483,"lower_bound":57.92056397750836,"upper_bound":129.26399665224818,"unit":"ns"},"slope":{"estimate":20876.973738197572,"lower_bound":20831.919659239953,"upper_bound":20926.708373167094,"unit":"ns"},"change":{"mean":{"estimate":-0.07861231151649473,"lower_bound":-0.08509363725121351,"upper_bound":-0.07325545433952063,"unit":"%"},"median":{"estimate":-0.07325034497490546,"lower_bound":-0.07455067412713912,"upper_bound":-0.0724232273826757,"unit":"%"},"change":"Improved"}}
{"reason":"benchmark-complete","id":"Solutions/Day 11/Part 02","report_directory":"/Volumes/sources/Personal/AOC2022/target/criterion/reports/Solutions/Day 11_Part 02","iteration_count":[9,9,9,9,9,9,9,9,9,9,9,9,9,9,9,9,9,9,9,9,9,9,9,9,9,9,9,9,9,9,9,9,9,9,9,9,9,9,9,9,9,9,9,9,9,9,9,9,9,9,9,9,9,9,9,9,9,9,9,9,9,9,9,9,9,9,9,9,9,9,9,9,9,9,9,9,9,9,9,9,9,9,9,9,9,9,9,9,9,9,9,9,9,9,9,9,9,9,9,9],"measured_values":[53112500.0,52439500.0,52229708.0,52920916.0,53324833.0,53119833.0,54230708.0,53752583.0,53116708.0,53101375.0,53169458.0,53115166.0,53166750.0,53064000.0,53228666.0,53023625.0,53213166.0,53060000.0,53286083.0,53145291.0,53266583.0,53040416.0,53186208.0,53163875.0,53068625.0,53119250.0,53129416.0,53000166.0,53086708.0,53180416.0,53036541.0,53094041.0,53142541.0,53169916.0,52998000.0,53195625.0,53116291.0,53080333.0,53143041.0,53190041.0,52989208.0,53128541.0,53417916.0,53201625.0,53795958.0,53203041.0,53123791.0,53057041.0,53062416.0,53064875.0,53112291.0,53041625.0,53230125.0,53184708.0,53227750.0,52850958.0,53190958.0,53145791.0,53175416.0,53292625.0,53089708.0,53218750.0,53163166.0,52815125.0,53067000.0,53145250.0,52959958.0,53145041.0,53075458.0,53134833.0,53052500.0,53040333.0,53015291.0,53008250.0,53014291.0,53118750.0,53157625.0,52992250.0,53224833.0,52606291.0,52577458.0,52396458.0,53572166.0,52250541.0,52351083.0,52328250.0,52298500.0,52376250.0,52447791.0,52222375.0,52417583.0,52947833.0,52414166.0,53172083.0,52976666.0,53489166.0,53164166.0,53045583.0,52996291.0,53290708.0],"unit":"ns","throughput":[],"typical":{"estimate":5893894.867777776,"lower_bound":5886793.846666668,"upper_bound":5900861.083694445,"unit":"ns"},"mean":{"estimate":5893894.867777776,"lower_bound":5886793.846666668,"upper_bound":5900861.083694445,"unit":"ns"},"median":{"estimate":5901537.0,"lower_bound":5896305.555555556,"upper_bound":5903997.611111111,"unit":"ns"},"median_abs_dev":{"estimate":12718.813340862285,"lower_bound":10312.883050243137,"upper_bound":17585.283021131996,"unit":"ns"},"slope":null,"change":{"mean":{"estimate":-0.16272584637529708,"lower_bound":-0.1653376589203906,"upper_bound":-0.1601486671180245,"unit":"%"},"median":{"estimate":-0.1582616722020468,"lower_bound":-0.16251701188500575,"upper_bound":-0.1565275079423476,"unit":"%"},"change":"Improved"}}
{"reason":"group-complete","group_name":"Solutions","benchmarks":["Solutions/Part 01/Day 02","Solutions/Part 02/Day 01","Solutions/Part 01/Day 01","Solutions/Day 01/Part 01","Solutions/Day 01/Part 02","Solutions/Day 02/Part 01","Solutions/Day 02/Part 02","Solutions/Day 03/Part 01","Solutions/Day 03/Part 02","Solutions/Day 04/Part 01","Solutions/Day 04/Part 02","Solutions/Day 05/Part 01","Solutions/Day 05/Part 02","Solutions/Day 06/Part 01","Solutions/Day 06/Part 02","Solutions/Day 07/Part 01","Solutions/Day 07/Part 02","Solutions/Day 08/Part 01","Solutions/Day 08/Part 02","Solutions/Day 09/Part 01","Solutions/Day 09/Part 02","Solutions/Day 10/Part 01","Solutions/Day 10/Part 02","Solutions/Day 11/Part 01","Solutions/Day 11/Part 02"],"report_directory":"/Volumes/sources/Personal/AOC2022/target/criterion/reports/Solutions"}
