{"reason":"benchmark-complete","id":"Solutions/Day 04/Part 01","report_directory":"/Volumes/sources/Personal/AOC2022/target/criterion/reports/Solutions/Day 04_Part 01","iteration_count":[15,30,45,60,75,90,105,120,135,150,165,180,195,210,225,240,255,270,285,300,315,330,345,360,375,390,405,420,435,450,465,480,495,510,525,540,555,570,585,600,615,630,645,660,675,690,705,720,735,750,765,780,795,810,825,840,855,870,885,900,915,930,945,960,975,990,1005,1020,1035,1050,1065,1080,1095,1110,1125,1140,1155,1170,1185,1200,1215,1230,1245,1260,1275,1290,1305,1320,1335,1350,1365,1380,1395,1410,1425,1440,1455,1470,1485,1500],"measured_values":[1137625.0,2070166.0,2992250.0,3955750.0,5066500.0,6043458.0,7144916.0,7939375.0,8924041.0,9918666.0,10941541.0,12224208.0,13175250.0,14203708.0,15064250.0,16079000.0,17060541.0,18082083.0,19357000.0,19877750.0,20817458.0,21873750.0,22832333.0,23720333.0,24754833.0,25704750.0,26760166.0,27738625.0,28673833.0,29691708.0,30729250.0,31901625.0,32666541.0,33675833.0,34636625.0,35603625.0,36583916.0,37579750.0,38790750.0,39857333.0,40890041.0,42675333.0,44338458.0,45794375.0,46249625.0,47057500.0,47395083.0,48636416.0,48900500.0,49889875.0,51283500.0,51870833.0,52916750.0,54799625.0,54998958.0,55773166.0,56503500.0,57480291.0,58518125.0,59510083.0,60394291.0,62231791.0,62645375.0,63366791.0,64602166.0,65700125.0,66421125.0,67461166.0,69169416.0,69932041.0,70639583.0,71477000.0,72416583.0,73478875.0,74385791.0,75378125.0,77949625.0,77346875.0,79704333.0,79145791.0,80088541.0,81126583.0,82867791.0,83052875.0,84070833.0,85004875.0,86064083.0,87029125.0,88056250.0,88954416.0,89984875.0,90896791.0,91910708.0,92953250.0,95400666.0,94835375.0,95811750.0,96819125.0,97775083.0,100398833.0],"unit":"ns","throughput":[],"typical":{"estimate":66295.28110004433,"lower_bound":66172.27088147888,"upper_bound":66437.17616352795,"unit":"ns"},"mean":{"estimate":66616.04674640311,"lower_bound":66409.56322612749,"upper_bound":66879.95625184909,"unit":"ns"},"median":{"estimate":66181.54138486311,"lower_bound":66106.22378917379,"upper_bound":66370.62901515151,"unit":"ns"},"median_abs_dev":{"estimate":392.689322580615,"lower_bound":282.4551736003063,"upper_bound":644.3319582577877,"unit":"ns"},"slope":{"estimate":66295.28110004433,"lower_bound":66172.27088147888,"upper_bound":66437.17616352795,"unit":"ns"},"change":{"mean":{"estimate":-0.17081551682495943,"lower_bound":-0.17444039959533864,"upper_bound":-0.16710359539934555,"unit":"%"},"median":{"estimate":-0.1735809286914325,"lower_bound":-0.17503891454612464,"upper_bound":-0.1710507670992898,"unit":"%"},"change":"Improved"}}
{"reason":"benchmark-complete","id":"Solutions/Day 04/Part 02","report_directory":"/Volumes/sources/Personal/AOC2022/target/criterion/reports/Solutions/Day 04_Part 02","iteration_count":[17,34,51,68,85,102,119,136,153,170,187,204,221,238,255,272,289,306,323,340,357,374,391,408,425,442,459,476,493,510,527,544,561,578,595,612,629,646,663,680,697,714,731,748,765,782,799,816,833,850,867,884,901,918,935,952,969,986,1003,1020,1037,1054,1071,1088,1105,1122,1139,1156,1173,1190,1207,1224,1241,1258,1275,1292,1309,1326,1343,1360,1377,1394,1411,1428,1445,1462,1479,1496,1513,1530,1547,1564,1581,1598,1615,1632,1649,1666,1683,1700],"measured_values":[1086708.0,2180500.0,3086291.0,4186458.0,5429916.0,6210958.0,7239333.0,8236125.0,9260166.0,10279250.0,11345708.0,12361541.0,13382833.0,14388833.0,15434291.0,16472291.0,17498416.0,18517541.0,19588375.0,20772916.0,21676333.0,22679208.0,23706291.0,24714708.0,25789458.0,26803000.0,28463458.0,28939000.0,29900750.0,30956125.0,31980125.0,33059833.0,34029958.0,35103875.0,36082291.0,37135208.0,38184416.0,39214875.0,40237791.0,41259375.0,42254291.0,43270083.0,44279333.0,45381583.0,46743291.0,47405250.0,48391000.0,49500458.0,50499375.0,51545375.0,54162708.0,53962708.0,54626000.0,55657041.0,56738291.0,57773166.0,59942958.0,60174375.0,60857666.0,61928583.0,62952875.0,63899708.0,64877708.0,65897333.0,66935583.0,67953375.0,68987250.0,70059875.0,71054083.0,72147500.0,73284833.0,74731958.0,75281708.0,76340000.0,77373166.0,78387125.0,79363833.0,81113666.0,85560083.0,84251250.0,86003291.0,85934000.0,86535416.0,86704250.0,87705708.0,90681083.0,92288375.0,92094625.0,92351416.0,93488666.0,95350416.0,95532875.0,96563416.0,98662416.0,100959083.0,100480000.0,103100083.0,102814166.0,103576125.0,103224041.0],"unit":"ns","throughput":[],"typical":{"estimate":61222.682732638496,"lower_bound":61034.23835054748,"upper_bound":61413.40789049765,"unit":"ns"},"mean":{"estimate":61045.74076418357,"lower_bound":60903.092045495156,"upper_bound":61205.12211028296,"unit":"ns"},"median":{"estimate":60684.23043985161,"lower_bound":60666.737680598555,"upper_bound":60716.51449875725,"unit":"ns"},"median_abs_dev":{"estimate":163.19875676093432,"lower_bound":88.0240800158276,"upper_bound":231.9867788162768,"unit":"ns"},"slope":{"estimate":61222.682732638496,"lower_bound":61034.23835054748,"upper_bound":61413.40789049765,"unit":"ns"},"change":{"mean":{"estimate":-0.2612837002711492,"lower_bound":-0.27930633676032507,"upper_bound":-0.24593025148023073,"unit":"%"},"median":{"estimate":-0.2471339164674985,"lower_bound":-0.2520353209142815,"upper_bound":-0.23932301205657694,"unit":"%"},"change":"Improved"}}
{"reason":"group-complete","group_name":"Solutions","benchmarks":["Solutions/Part 01/Day 02","Solutions/Part 02/Day 01","Solutions/Part 01/Day 01","Solutions/Day 01/Part 01","Solutions/Day 01/Part 02","Solutions/Day 02/Part 01","Solutions/Day 02/Part 02","Solutions/Day 03/Part 01","Solutions/Day 03/Part 02","Solutions/Day 04/Part 01","Solutions/Day 04/Part 02","Solutions/Day 05/Part 01","Solutions/Day 05/Part 02","Solutions/Day 06/Part 01","Solutions/Day 06/Part 02","Solutions/Day 07/Part 01","Solutions/Day 07/Part 02","Solutions/Day 08/Part 01","Solutions/Day 08/Part 02","Solutions/Day 09/Part 01","Solutions/Day 09/Part 02","Solutions/Day 10/Part 01","Solutions/Day 10/Part 02","Solutions/Day 11/Part 01","Solutions/Day 11/Part 02","Solutions/Day 12/Part 01","Solutions/Day 12/Part 02"],"report_directory":"/Volumes/sources/Personal/AOC2022/target/criterion/reports/Solutions"}
