{"reason":"benchmark-complete","id":"Solutions/Day 08/Part 01","report_directory":"/Volumes/sources/Personal/AOC2022/target/criterion/reports/Solutions/Day 08_Part 01","iteration_count":[3,6,9,12,15,18,21,24,27,30,33,36,39,42,45,48,51,54,57,60,63,66,69,72,75,78,81,84,87,90,93,96,99,102,105,108,111,114,117,120,123,126,129,132,135,138,141,144,147,150,153,156,159,162,165,168,171,174,177,180,183,186,189,192,195,198,201,204,207,210,213,216,219,222,225,228,231,234,237,240,243,246,249,252,255,258,261,264,267,270,273,276,279,282,285,288,291,294,297,300],"measured_values":[1331125.0,2506291.0,3771291.0,5051250.0,6078500.0,7353875.0,8415666.0,9623166.0,10819666.0,11987583.0,13245208.0,14369208.0,15554583.0,16739875.0,17936833.0,19151500.0,20684458.0,21578875.0,22572541.0,23671250.0,24709583.0,25891958.0,27032041.0,28118541.0,29270916.0,30399375.0,31416958.0,32717458.0,33653416.0,34775791.0,35918916.0,37145041.0,38290833.0,39512708.0,40499916.0,42101625.0,44104375.0,47588000.0,47113083.0,49063000.0,49129875.0,50614500.0,51373666.0,52002833.0,53315541.0,54352625.0,55680750.0,56289208.0,57448166.0,58151833.0,60891291.0,61797666.0,62143708.0,62610250.0,63403083.0,64106458.0,65593333.0,66929375.0,67984333.0,68928125.0,70034333.0,71627041.0,72283291.0,73103666.0,74489375.0,77774958.0,78869875.0,79714125.0,81583875.0,86478166.0,86724375.0,86298666.0,89347875.0,90505833.0,91691791.0,92943541.0,93544166.0,93449875.0,94381583.0,95495125.0,96718791.0,98009375.0,99172458.0,100348250.0,101310958.0,102424750.0,103947791.0,104078000.0,104975625.0,107705166.0,107611291.0,108905958.0,109609833.0,110732583.0,111575833.0,112816500.0,113955833.0,115029000.0,117744208.0,121255166.0],"unit":"ns","throughput":[],"typical":{"estimate":395249.76560366486,"lower_bound":393605.45143516886,"upper_bound":396880.46205705276,"unit":"ns"},"mean":{"estimate":396195.7976466635,"lower_bound":394345.35748188075,"upper_bound":398160.35187456314,"unit":"ns"},"median":{"estimate":394914.434751773,"lower_bound":392866.7849462366,"upper_bound":398094.81769374415,"unit":"ns"},"median_abs_dev":{"estimate":6858.493475904073,"lower_bound":5839.073092372309,"upper_bound":10071.123563848872,"unit":"ns"},"slope":{"estimate":395249.76560366486,"lower_bound":393605.45143516886,"upper_bound":396880.46205705276,"unit":"ns"},"change":{"mean":{"estimate":0.0006232397715821847,"lower_bound":-0.006155559642435371,"upper_bound":0.007574171098533072,"unit":"%"},"median":{"estimate":0.002362166580589964,"lower_bound":-0.00465026183481546,"upper_bound":0.010801666522551212,"unit":"%"},"change":"NoChange"}}
{"reason":"benchmark-complete","id":"Solutions/Day 08/Part 02","report_directory":"/Volumes/sources/Personal/AOC2022/target/criterion/reports/Solutions/Day 08_Part 02","iteration_count":[3,6,9,12,15,18,21,24,27,30,33,36,39,42,45,48,51,54,57,60,63,66,69,72,75,78,81,84,87,90,93,96,99,102,105,108,111,114,117,120,123,126,129,132,135,138,141,144,147,150,153,156,159,162,165,168,171,174,177,180,183,186,189,192,195,198,201,204,207,210,213,216,219,222,225,228,231,234,237,240,243,246,249,252,255,258,261,264,267,270,273,276,279,282,285,288,291,294,297,300],"measured_values":[1437666.0,2739958.0,4051000.0,5377500.0,6865791.0,8109000.0,9342250.0,10700875.0,11993875.0,13332875.0,14727250.0,16021583.0,17373708.0,18690875.0,20008458.0,21365791.0,22992875.0,24452625.0,26138416.0,27087916.0,28521875.0,30094791.0,30957000.0,32163458.0,33904958.0,35065416.0,36360583.0,37664750.0,38940083.0,40212708.0,43753458.0,44555750.0,45779291.0,46397958.0,47732708.0,48518250.0,50379666.0,51008916.0,52355250.0,53395291.0,55056666.0,56345875.0,60288416.0,60195208.0,61094708.0,61891541.0,62654500.0,64074083.0,65387583.0,66652666.0,67888166.0,70260000.0,72269833.0,73236500.0,74240875.0,75257250.0,76375041.0,77572416.0,80415541.0,81252458.0,81881708.0,82884250.0,88292916.0,87891791.0,88559125.0,89725791.0,90819000.0,92387750.0,93624666.0,95239666.0,96374916.0,97627833.0,98898083.0,100220666.0,101809583.0,103021291.0,104257458.0,105315125.0,106661041.0,107978750.0,109297583.0,110681500.0,116024625.0,117269958.0,118408625.0,118755875.0,119061791.0,119906166.0,120339625.0,120506625.0,122228750.0,122718250.0,123464416.0,124570458.0,125722541.0,126895708.0,131338125.0,132575375.0,136043541.0,138187750.0],"unit":"ns","throughput":[],"typical":{"estimate":451582.06404413574,"lower_bound":449831.64725514664,"upper_bound":453400.59479462146,"unit":"ns"},"mean":{"estimate":451397.4273785656,"lower_bound":450133.7372217956,"upper_bound":452729.7425990444,"unit":"ns"},"median":{"estimate":450442.3076923077,"lower_bound":449226.35090218426,"upper_bound":451650.5437810945,"unit":"ns"},"median_abs_dev":{"estimate":5511.316718180233,"lower_bound":3992.1684583598008,"upper_bound":6901.212722175964,"unit":"ns"},"slope":{"estimate":451582.06404413574,"lower_bound":449831.64725514664,"upper_bound":453400.59479462146,"unit":"ns"},"change":{"mean":{"estimate":-0.012259077103085936,"lower_bound":-0.01577219811350388,"upper_bound":-0.008441939761111128,"unit":"%"},"median":{"estimate":-0.01299835851041753,"lower_bound":-0.01687332547275533,"upper_bound":-0.008876614955045548,"unit":"%"},"change":"NoChange"}}
{"reason":"group-complete","group_name":"Solutions","benchmarks":["Solutions/Part 01/Day 02","Solutions/Part 02/Day 01","Solutions/Part 01/Day 01","Solutions/Day 01/Part 01","Solutions/Day 01/Part 02","Solutions/Day 02/Part 01","Solutions/Day 02/Part 02","Solutions/Day 03/Part 01","Solutions/Day 03/Part 02","Solutions/Day 04/Part 01","Solutions/Day 04/Part 02","Solutions/Day 05/Part 01","Solutions/Day 05/Part 02","Solutions/Day 06/Part 01","Solutions/Day 06/Part 02","Solutions/Day 07/Part 01","Solutions/Day 07/Part 02","Solutions/Day 08/Part 01","Solutions/Day 08/Part 02","Solutions/Day 09/Part 01","Solutions/Day 09/Part 02","Solutions/Day 10/Part 01","Solutions/Day 10/Part 02","Solutions/Day 11/Part 01","Solutions/Day 11/Part 02"],"report_directory":"/Volumes/sources/Personal/AOC2022/target/criterion/reports/Solutions"}
