{"reason":"benchmark-complete","id":"Solutions/Day 10/Part 01","report_directory":"/Volumes/sources/Personal/AOC2022/target/criterion/reports/Solutions/Day 10_Part 01","iteration_count":[65,130,195,260,325,390,455,520,585,650,715,780,845,910,975,1040,1105,1170,1235,1300,1365,1430,1495,1560,1625,1690,1755,1820,1885,1950,2015,2080,2145,2210,2275,2340,2405,2470,2535,2600,2665,2730,2795,2860,2925,2990,3055,3120,3185,3250,3315,3380,3445,3510,3575,3640,3705,3770,3835,3900,3965,4030,4095,4160,4225,4290,4355,4420,4485,4550,4615,4680,4745,4810,4875,4940,5005,5070,5135,5200,5265,5330,5395,5460,5525,5590,5655,5720,5785,5850,5915,5980,6045,6110,6175,6240,6305,6370,6435,6500],"measured_values":[1020125.0,2031833.0,3085166.0,4186041.0,5038041.0,5991166.0,7076208.0,8022041.0,8996333.0,9988000.0,10949000.0,12007333.0,12938416.0,14197916.0,15050333.0,16363083.0,16980416.0,18096708.0,18960583.0,19848166.0,21021083.0,21989458.0,22842208.0,24005583.0,24853416.0,25866791.0,26846166.0,27862166.0,28824583.0,29826291.0,30819083.0,31920416.0,32925500.0,33887500.0,35647666.0,35945416.0,37100000.0,38161708.0,39021166.0,39941000.0,40922750.0,41957250.0,42830250.0,43644541.0,44786083.0,45744625.0,47714125.0,48660958.0,48848458.0,50242583.0,50744250.0,51650916.0,52963333.0,53850333.0,54952000.0,55833000.0,57280875.0,58041750.0,59198916.0,61720125.0,60768958.0,61937375.0,62786791.0,63817791.0,65681500.0,65912041.0,67176250.0,68075791.0,68813875.0,69838041.0,70752375.0,72805291.0,73081625.0,73874208.0,74741625.0,75619125.0,77193625.0,79411333.0,80044416.0,80078416.0,80684500.0,81846375.0,82884791.0,83618166.0,85116458.0,85765166.0,89311708.0,87241250.0,88243791.0,89082000.0,91352958.0,92392250.0,92944375.0,93848708.0,94541750.0,96356083.0,97083958.0,97314250.0,98151375.0,99172291.0],"unit":"ns","throughput":[],"typical":{"estimate":15384.29051009992,"lower_bound":15354.999838530692,"upper_bound":15417.72186846799,"unit":"ns"},"mean":{"estimate":15407.253572907224,"lower_bound":15380.513156912804,"upper_bound":15436.695104655151,"unit":"ns"},"median":{"estimate":15363.6863664448,"lower_bound":15349.88344988345,"upper_bound":15382.718793706295,"unit":"ns"},"median_abs_dev":{"estimate":80.12374785724279,"lower_bound":55.86149825444093,"upper_bound":100.3754646676832,"unit":"ns"},"slope":{"estimate":15384.29051009992,"lower_bound":15354.999838530692,"upper_bound":15417.72186846799,"unit":"ns"},"change":{"mean":{"estimate":-0.18512278087304868,"lower_bound":-0.19010179000157088,"upper_bound":-0.1805834194173592,"unit":"%"},"median":{"estimate":-0.18107035880212374,"lower_bound":-0.18897937172526103,"upper_bound":-0.1766396327822135,"unit":"%"},"change":"Improved"}}
{"reason":"benchmark-complete","id":"Solutions/Day 10/Part 02","report_directory":"/Volumes/sources/Personal/AOC2022/target/criterion/reports/Solutions/Day 10_Part 02","iteration_count":[60,120,180,240,300,360,420,480,540,600,660,720,780,840,900,960,1020,1080,1140,1200,1260,1320,1380,1440,1500,1560,1620,1680,1740,1800,1860,1920,1980,2040,2100,2160,2220,2280,2340,2400,2460,2520,2580,2640,2700,2760,2820,2880,2940,3000,3060,3120,3180,3240,3300,3360,3420,3480,3540,3600,3660,3720,3780,3840,3900,3960,4020,4080,4140,4200,4260,4320,4380,4440,4500,4560,4620,4680,4740,4800,4860,4920,4980,5040,5100,5160,5220,5280,5340,5400,5460,5520,5580,5640,5700,5760,5820,5880,5940,6000],"measured_values":[1020500.0,1992250.0,2992541.0,4038583.0,5140541.0,5972750.0,7068541.0,7981083.0,8988250.0,9951041.0,10948541.0,11938291.0,12983708.0,13942291.0,14927000.0,15947291.0,16903375.0,18267791.0,19512583.0,19944208.0,20987666.0,21942916.0,22876958.0,24052166.0,25060500.0,25988708.0,26977958.0,27955708.0,28920375.0,29931041.0,30930000.0,32095250.0,32920000.0,33870708.0,34896250.0,36606000.0,36943375.0,38147000.0,39068541.0,40161208.0,40912791.0,41979791.0,42870958.0,43749750.0,44881750.0,46727000.0,46726208.0,48732541.0,49408791.0,50096125.0,51542208.0,51957541.0,52828666.0,53782791.0,54781333.0,55726416.0,56732416.0,58252166.0,58922166.0,59890791.0,63203666.0,61591500.0,62785208.0,63815000.0,64803375.0,66553333.0,67069875.0,69132625.0,68776708.0,69966416.0,70636041.0,71605958.0,72982500.0,73855541.0,74856500.0,75664250.0,76755666.0,77373625.0,78650625.0,79514750.0,81321125.0,81394791.0,82364666.0,83357083.0,84457750.0,86023833.0,86850833.0,89552875.0,88239125.0,89323208.0,90696541.0,91505875.0,92723208.0,93143500.0,94133875.0,94882833.0,97426041.0,97580208.0,98394250.0,99434250.0],"unit":"ns","throughput":[],"typical":{"estimate":16632.90342879661,"lower_bound":16605.018864277565,"upper_bound":16665.927381433517,"unit":"ns"},"mean":{"estimate":16666.442032329436,"lower_bound":16640.44459143605,"upper_bound":16694.93480062826,"unit":"ns"},"median":{"estimate":16623.14579124579,"lower_bound":16612.788050314466,"upper_bound":16636.434195402297,"unit":"ns"},"median_abs_dev":{"estimate":57.52702841019926,"lower_bound":45.00061570108066,"upper_bound":85.75756145607497,"unit":"ns"},"slope":{"estimate":16632.90342879661,"lower_bound":16605.018864277565,"upper_bound":16665.927381433517,"unit":"ns"},"change":{"mean":{"estimate":-0.1659070883602124,"lower_bound":-0.1692069700309088,"upper_bound":-0.16296170442374758,"unit":"%"},"median":{"estimate":-0.1634107746960064,"lower_bound":-0.16643865581356643,"upper_bound":-0.16152390941872205,"unit":"%"},"change":"Improved"}}
{"reason":"group-complete","group_name":"Solutions","benchmarks":["Solutions/Part 01/Day 02","Solutions/Part 02/Day 01","Solutions/Part 01/Day 01","Solutions/Day 01/Part 01","Solutions/Day 01/Part 02","Solutions/Day 02/Part 01","Solutions/Day 02/Part 02","Solutions/Day 03/Part 01","Solutions/Day 03/Part 02","Solutions/Day 04/Part 01","Solutions/Day 04/Part 02","Solutions/Day 05/Part 01","Solutions/Day 05/Part 02","Solutions/Day 06/Part 01","Solutions/Day 06/Part 02","Solutions/Day 07/Part 01","Solutions/Day 07/Part 02","Solutions/Day 08/Part 01","Solutions/Day 08/Part 02","Solutions/Day 09/Part 01","Solutions/Day 09/Part 02","Solutions/Day 10/Part 01","Solutions/Day 10/Part 02","Solutions/Day 11/Part 01","Solutions/Day 11/Part 02","Solutions/Day 12/Part 01","Solutions/Day 12/Part 02"],"report_directory":"/Volumes/sources/Personal/AOC2022/target/criterion/reports/Solutions"}
