{"reason":"benchmark-complete","id":"Solutions/Day 01/Part 01","report_directory":"/Volumes/sources/Personal/AOC2022/target/criterion/reports/Solutions/Day 01_Part 01","iteration_count":[23,46,69,92,115,138,161,184,207,230,253,276,299,322,345,368,391,414,437,460,483,506,529,552,575,598,621,644,667,690,713,736,759,782,805,828,851,874,897,920,943,966,989,1012,1035,1058,1081,1104,1127,1150,1173,1196,1219,1242,1265,1288,1311,1334,1357,1380,1403,1426,1449,1472,1495,1518,1541,1564,1587,1610,1633,1656,1679,1702,1725,1748,1771,1794,1817,1840,1863,1886,1909,1932,1955,1978,2001,2024,2047,2070,2093,2116,2139,2162,2185,2208,2231,2254,2277,2300],"measured_values":[1100583.0,1986625.0,2918208.0,3891458.0,4866416.0,6019750.0,6850708.0,7798666.0,8841291.0,9745416.0,10721833.0,11708750.0,12796791.0,13640083.0,14621375.0,15565625.0,16553708.0,17575666.0,18559708.0,19501958.0,20495875.0,21447166.0,22719583.0,23486541.0,24334666.0,25438375.0,26317791.0,27327750.0,28266750.0,29217875.0,30282458.0,31197583.0,32156750.0,33120666.0,34150291.0,35061666.0,36129875.0,37062750.0,39527041.0,39586458.0,40313208.0,41049375.0,41983125.0,42923041.0,45321125.0,45000291.0,45949791.0,46815166.0,47796833.0,48843958.0,50148041.0,50839541.0,51798000.0,52853041.0,53927750.0,54751583.0,55603291.0,56645416.0,57630500.0,60017166.0,59850583.0,60636250.0,61516083.0,62477000.0,63422041.0,64341041.0,65405166.0,66763875.0,67408500.0,68287291.0,69796875.0,70664958.0,71363291.0,72296458.0,75911666.0,74377833.0,75104333.0,76165625.0,77185291.0,78246458.0,78989833.0,80534916.0,81126791.0,82287166.0,82975750.0,83973458.0,84856500.0,86638250.0,87069708.0,88162416.0,88821458.0,89804791.0,91027083.0,91819791.0,93182333.0,94025958.0,94646583.0,95599708.0,99142875.0,97559000.0],"unit":"ns","throughput":[],"typical":{"estimate":42589.63828913975,"lower_bound":42516.478689629745,"upper_bound":42679.957528980616,"unit":"ns"},"mean":{"estimate":42624.90754832397,"lower_bound":42525.018136426355,"upper_bound":42763.89690834701,"unit":"ns"},"median":{"estimate":42465.93997916296,"lower_bound":42442.07695807353,"upper_bound":42494.18779511577,"unit":"ns"},"median_abs_dev":{"estimate":111.98689049720079,"lower_bound":77.23981795321899,"upper_bound":140.8431812900872,"unit":"ns"},"slope":{"estimate":42589.63828913975,"lower_bound":42516.478689629745,"upper_bound":42679.957528980616,"unit":"ns"},"change":{"mean":{"estimate":-0.0009508989604474216,"lower_bound":-0.006884359615556948,"upper_bound":0.004054232869189973,"unit":"%"},"median":{"estimate":0.0023362025300130984,"lower_bound":0.0013484343629077689,"upper_bound":0.0034555429614591127,"unit":"%"},"change":"NoChange"}}
{"reason":"benchmark-complete","id":"Solutions/Day 01/Part 02","report_directory":"/Volumes/sources/Personal/AOC2022/target/criterion/reports/Solutions/Day 01_Part 02","iteration_count":[24,48,72,96,120,144,168,192,216,240,264,288,312,336,360,384,408,432,456,480,504,528,552,576,600,624,648,672,696,720,744,768,792,816,840,864,888,912,936,960,984,1008,1032,1056,1080,1104,1128,1152,1176,1200,1224,1248,1272,1296,1320,1344,1368,1392,1416,1440,1464,1488,1512,1536,1560,1584,1608,1632,1656,1680,1704,1728,1752,1776,1800,1824,1848,1872,1896,1920,1944,1968,1992,2016,2040,2064,2088,2112,2136,2160,2184,2208,2232,2256,2280,2304,2328,2352,2376,2400],"measured_values":[1189416.0,2087250.0,3074583.0,4363375.0,5155791.0,6112041.0,7217416.0,8153333.0,9162250.0,10180208.0,11215208.0,12294416.0,13224125.0,14253333.0,15244333.0,16272958.0,17297666.0,18341791.0,19368291.0,20921458.0,21464916.0,22408625.0,23520416.0,24505333.0,25475166.0,26480916.0,27767125.0,28866416.0,29781500.0,30606833.0,31598083.0,32605875.0,33589541.0,34644166.0,35546625.0,36648125.0,38219375.0,39383833.0,39899916.0,40766458.0,41795916.0,43010250.0,44010083.0,45023791.0,46108625.0,46956375.0,47919625.0,49322833.0,50261458.0,50979250.0,51900875.0,52885333.0,54011791.0,54974875.0,56022666.0,57032125.0,58358916.0,60978916.0,60400333.0,61327250.0,62771375.0,63431583.0,64288250.0,65287041.0,66380250.0,68714166.0,68352041.0,69250125.0,70780166.0,71448000.0,72335791.0,73337041.0,75127625.0,75512958.0,76410708.0,77494625.0,78399875.0,79377875.0,80823208.0,81407208.0,82539416.0,84085375.0,84575000.0,85630625.0,88917958.0,87481750.0,88651041.0,89667541.0,90444500.0,91446666.0,93636583.0,93818500.0,94675291.0,96268583.0,96540791.0,99105125.0,98797000.0,100476750.0,101347708.0,102017416.0],"unit":"ns","throughput":[],"typical":{"estimate":42593.72534173194,"lower_bound":42529.35157768861,"upper_bound":42668.327836308774,"unit":"ns"},"mean":{"estimate":42704.952319521726,"lower_bound":42579.51868920137,"upper_bound":42884.42869474904,"unit":"ns"},"median":{"estimate":42488.17547435164,"lower_bound":42464.575833333336,"upper_bound":42543.98090277778,"unit":"ns"},"median_abs_dev":{"estimate":129.05128022282253,"lower_bound":80.09568520680256,"upper_bound":193.04432984648378,"unit":"ns"},"slope":{"estimate":42593.72534173194,"lower_bound":42529.35157768861,"upper_bound":42668.327836308774,"unit":"ns"},"change":{"mean":{"estimate":0.0038163517009355274,"lower_bound":-0.0010466947333737098,"upper_bound":0.008533596563675446,"unit":"%"},"median":{"estimate":0.0030707699249903353,"lower_bound":0.0018054357714746118,"upper_bound":0.004605048416634228,"unit":"%"},"change":"NoChange"}}
{"reason":"group-complete","group_name":"Solutions","benchmarks":["Solutions/Part 01/Day 02","Solutions/Part 02/Day 01","Solutions/Part 01/Day 01","Solutions/Day 01/Part 01","Solutions/Day 01/Part 02","Solutions/Day 02/Part 01"],"report_directory":"/Volumes/sources/Personal/AOC2022/target/criterion/reports/Solutions"}
