{"reason":"benchmark-complete","id":"Solutions/Day 09/Part 01","report_directory":"/Volumes/sources/Personal/AOC2022/target/criterion/reports/Solutions/Day 09_Part 01","iteration_count":[2,4,6,8,10,12,14,16,18,20,22,24,26,28,30,32,34,36,38,40,42,44,46,48,50,52,54,56,58,60,62,64,66,68,70,72,74,76,78,80,82,84,86,88,90,92,94,96,98,100,102,104,106,108,110,112,114,116,118,120,122,124,126,128,130,132,134,136,138,140,142,144,146,148,150,152,154,156,158,160,162,164,166,168,170,172,174,176,178,180,182,184,186,188,190,192,194,196,198,200],"measured_values":[1181875.0,2105708.0,3150791.0,4236291.0,5258125.0,6560083.0,7594791.0,8399291.0,9343041.0,10409000.0,11414000.0,12391583.0,13444875.0,14379958.0,15531875.0,17006541.0,18532583.0,19587791.0,20192250.0,21258250.0,22554250.0,23693041.0,24037541.0,25665416.0,26504541.0,27361041.0,28820500.0,30190666.0,30348750.0,31473708.0,32176791.0,33172375.0,34022250.0,35035791.0,35901916.0,36920250.0,38027041.0,39081000.0,40285708.0,41448375.0,42670291.0,43612916.0,44664875.0,46765708.0,46749250.0,47446333.0,48661416.0,49795500.0,50658750.0,51730000.0,52992000.0,53712250.0,55034583.0,55936125.0,57005208.0,58063500.0,58798125.0,61707791.0,63758875.0,63268041.0,64548333.0,64912375.0,64887000.0,65808666.0,67911958.0,71016125.0,71536916.0,71869291.0,71639083.0,73527250.0,76793083.0,77912833.0,78583916.0,79976666.0,77806791.0,79340833.0,88302625.0,84140458.0,83956791.0,86245458.0,85931458.0,86486625.0,89390000.0,90042625.0,91890416.0,89965125.0,90007500.0,91172166.0,93279333.0,93632833.0,95490500.0,99299125.0,99348125.0,98875583.0,98544291.0,100837708.0,102068500.0,102166166.0,104287666.0,103832375.0],"unit":"ns","throughput":[],"typical":{"estimate":527265.2367045959,"lower_bound":524796.3276251886,"upper_bound":529993.436564603,"unit":"ns"},"mean":{"estimate":526756.1758575528,"lower_bound":524534.4791414496,"upper_bound":529244.9121019703,"unit":"ns"},"median":{"estimate":524301.4983146067,"lower_bound":520316.2027777778,"upper_bound":526300.4326923077,"unit":"ns"},"median_abs_dev":{"estimate":9784.560607312484,"lower_bound":6443.437482084104,"upper_bound":12156.412166872795,"unit":"ns"},"slope":{"estimate":527265.2367045959,"lower_bound":524796.3276251886,"upper_bound":529993.436564603,"unit":"ns"},"change":{"mean":{"estimate":-0.03474617526618373,"lower_bound":-0.039900194349292976,"upper_bound":-0.029541979126929838,"unit":"%"},"median":{"estimate":-0.03501783914325307,"lower_bound":-0.042724381188495975,"upper_bound":-0.0314913214942355,"unit":"%"},"change":"Improved"}}
{"reason":"benchmark-complete","id":"Solutions/Day 09/Part 02","report_directory":"/Volumes/sources/Personal/AOC2022/target/criterion/reports/Solutions/Day 09_Part 02","iteration_count":[2,4,6,8,10,12,14,16,18,20,22,24,26,28,30,32,34,36,38,40,42,44,46,48,50,52,54,56,58,60,62,64,66,68,70,72,74,76,78,80,82,84,86,88,90,92,94,96,98,100,102,104,106,108,110,112,114,116,118,120,122,124,126,128,130,132,134,136,138,140,142,144,146,148,150,152,154,156,158,160,162,164,166,168,170,172,174,176,178,180,182,184,186,188,190,192,194,196,198,200],"measured_values":[1204416.0,2165458.0,3123000.0,4209750.0,5707291.0,6497791.0,7651333.0,8723750.0,9574208.0,10855166.0,11804166.0,12791416.0,14000250.0,14943125.0,16411291.0,17011708.0,18512625.0,19389458.0,20575750.0,21431708.0,22469458.0,23331458.0,24421541.0,25351541.0,26203791.0,27259083.0,28074625.0,29556416.0,30402000.0,31958250.0,33247875.0,34266416.0,35093333.0,36262166.0,36638375.0,37370250.0,38897041.0,39550833.0,40852375.0,42087416.0,43405500.0,44111833.0,45074708.0,46315250.0,46939041.0,47597625.0,48808000.0,49834708.0,50794250.0,51828916.0,52888583.0,53949125.0,54949500.0,56633875.0,57168291.0,59370666.0,60070875.0,60083708.0,61157208.0,62157041.0,63335000.0,64920000.0,65431958.0,66185000.0,67273083.0,68153166.0,69283458.0,70404541.0,71933916.0,72688208.0,73532083.0,74651958.0,75673708.0,77080666.0,77600458.0,80008541.0,80043166.0,81023833.0,81878916.0,82888541.0,84061541.0,85745875.0,86303500.0,88714458.0,88207041.0,89133125.0,90408875.0,91606916.0,92348708.0,93232375.0,94234791.0,95632541.0,96781500.0,97665958.0,99188958.0,99514416.0,100348083.0,102307291.0,103524416.0,103584541.0],"unit":"ns","throughput":[],"typical":{"estimate":520508.7770518694,"lower_bound":519832.36329868186,"upper_bound":521285.40265775885,"unit":"ns"},"mean":{"estimate":526153.2966263264,"lower_bound":524002.51390574337,"upper_bound":528672.9755847701,"unit":"ns"},"median":{"estimate":521760.43724489794,"lower_bound":519760.8181818182,"upper_bound":524172.4137931034,"unit":"ns"},"median_abs_dev":{"estimate":5620.9314819942,"lower_bound":3067.544185324106,"upper_bound":8752.564951234464,"unit":"ns"},"slope":{"estimate":520508.7770518694,"lower_bound":519832.36329868186,"upper_bound":521285.40265775885,"unit":"ns"},"change":{"mean":{"estimate":-0.04606849011574543,"lower_bound":-0.0511339321556048,"upper_bound":-0.04009096844454279,"unit":"%"},"median":{"estimate":-0.05089700187520163,"lower_bound":-0.05531275572757777,"upper_bound":-0.04595977087974801,"unit":"%"},"change":"Improved"}}
{"reason":"group-complete","group_name":"Solutions","benchmarks":["Solutions/Part 01/Day 02","Solutions/Part 02/Day 01","Solutions/Part 01/Day 01","Solutions/Day 01/Part 01","Solutions/Day 01/Part 02","Solutions/Day 02/Part 01","Solutions/Day 02/Part 02","Solutions/Day 03/Part 01","Solutions/Day 03/Part 02","Solutions/Day 04/Part 01","Solutions/Day 04/Part 02","Solutions/Day 05/Part 01","Solutions/Day 05/Part 02","Solutions/Day 06/Part 01","Solutions/Day 06/Part 02","Solutions/Day 07/Part 01","Solutions/Day 07/Part 02","Solutions/Day 08/Part 01","Solutions/Day 08/Part 02","Solutions/Day 09/Part 01","Solutions/Day 09/Part 02","Solutions/Day 10/Part 01","Solutions/Day 10/Part 02","Solutions/Day 11/Part 01","Solutions/Day 11/Part 02","Solutions/Day 12/Part 01","Solutions/Day 12/Part 02"],"report_directory":"/Volumes/sources/Personal/AOC2022/target/criterion/reports/Solutions"}
