{"reason":"benchmark-complete","id":"Solutions/Day 02/Part 01","report_directory":"/Volumes/sources/Personal/AOC2022/target/criterion/reports/Solutions/Day 02_Part 01","iteration_count":[13,26,39,52,65,78,91,104,117,130,143,156,169,182,195,208,221,234,247,260,273,286,299,312,325,338,351,364,377,390,403,416,429,442,455,468,481,494,507,520,533,546,559,572,585,598,611,624,637,650,663,676,689,702,715,728,741,754,767,780,793,806,819,832,845,858,871,884,897,910,923,936,949,962,975,988,1001,1014,1027,1040,1053,1066,1079,1092,1105,1118,1131,1144,1157,1170,1183,1196,1209,1222,1235,1248,1261,1274,1287,1300],"measured_values":[1189333.0,2114500.0,3072750.0,4057041.0,5537791.0,6826125.0,7215458.0,8469541.0,9166291.0,10188583.0,11191708.0,12277000.0,13363708.0,14214625.0,15243250.0,16258208.0,17256750.0,18300041.0,19311083.0,20352833.0,21312375.0,22389666.0,23408458.0,24409750.0,25471791.0,26412625.0,27444500.0,28468083.0,29480958.0,31144958.0,32758750.0,32758458.0,33640291.0,34578666.0,35555958.0,36655916.0,37664125.0,38634166.0,39680708.0,40716500.0,41663416.0,42753666.0,43699083.0,44776750.0,45920500.0,46817375.0,47747583.0,48808750.0,49816416.0,50877375.0,51838291.0,53439541.0,53935250.0,54903833.0,55913875.0,56937208.0,57991583.0,58998166.0,60041083.0,61033125.0,62061500.0,63051666.0,64079750.0,65635250.0,66231833.0,67100083.0,68164458.0,69193916.0,70638750.0,72612416.0,72263583.0,73255708.0,74383500.0,75283041.0,76313041.0,77284916.0,78381416.0,79356291.0,80500166.0,81405875.0,82357500.0,83398958.0,84396666.0,85536250.0,86392625.0,87700541.0,88432041.0,89418458.0,90427833.0,91452541.0,92429958.0,93503833.0,94475625.0,98113166.0,96633458.0,97639208.0,98958250.0,99987958.0,100727250.0,101714458.0],"unit":"ns","throughput":[],"typical":{"estimate":78372.08877175432,"lower_bound":78279.32816800095,"upper_bound":78504.00741114194,"unit":"ns"},"mean":{"estimate":78740.07934394674,"lower_bound":78436.35896006504,"upper_bound":79141.7235914025,"unit":"ns"},"median":{"estimate":78262.67843631777,"lower_bound":78241.12992577598,"upper_bound":78280.42112125162,"unit":"ns"},"median_abs_dev":{"estimate":104.10859857905398,"lower_bound":70.72624445228263,"upper_bound":147.09168737071064,"unit":"ns"},"slope":{"estimate":78372.08877175432,"lower_bound":78279.32816800095,"upper_bound":78504.00741114194,"unit":"ns"},"change":{"mean":{"estimate":-0.5685830630126318,"lower_bound":-0.5719043223695933,"upper_bound":-0.5649791492377138,"unit":"%"},"median":{"estimate":-0.568121662792697,"lower_bound":-0.568317404238814,"upper_bound":-0.5679842989098484,"unit":"%"},"change":"Improved"}}
{"reason":"benchmark-complete","id":"Solutions/Day 02/Part 02","report_directory":"/Volumes/sources/Personal/AOC2022/target/criterion/reports/Solutions/Day 02_Part 02","iteration_count":[14,28,42,56,70,84,98,112,126,140,154,168,182,196,210,224,238,252,266,280,294,308,322,336,350,364,378,392,406,420,434,448,462,476,490,504,518,532,546,560,574,588,602,616,630,644,658,672,686,700,714,728,742,756,770,784,798,812,826,840,854,868,882,896,910,924,938,952,966,980,994,1008,1022,1036,1050,1064,1078,1092,1106,1120,1134,1148,1162,1176,1190,1204,1218,1232,1246,1260,1274,1288,1302,1316,1330,1344,1358,1372,1386,1400],"measured_values":[1083958.0,2121791.0,3180083.0,4242375.0,5472666.0,6446500.0,7522291.0,8513458.0,9556666.0,10599041.0,11660916.0,12762208.0,13812166.0,14865291.0,15946833.0,17006416.0,18092541.0,19178000.0,20296958.0,21258958.0,22323166.0,23360750.0,24487833.0,25497541.0,26581250.0,27686041.0,28680625.0,29735291.0,30820708.0,31858541.0,32938458.0,33989416.0,35003208.0,36093291.0,37182875.0,38234250.0,39317541.0,40337625.0,41428625.0,42522916.0,43493750.0,44618166.0,45610875.0,46684666.0,47732500.0,48830583.0,49946125.0,51023791.0,51972125.0,53057041.0,54176875.0,55260916.0,56298958.0,57363458.0,58410333.0,59578000.0,60608416.0,61603833.0,64307041.0,63770333.0,64729708.0,65670833.0,66776875.0,67987125.0,69032541.0,70000791.0,71132958.0,72141333.0,73179416.0,74237333.0,75293208.0,76352541.0,77361041.0,78413875.0,79465791.0,80791333.0,81750541.0,82706375.0,83823208.0,84859958.0,85962625.0,87014583.0,88054791.0,89398791.0,91786375.0,91091708.0,92211000.0,93631166.0,94475166.0,95653333.0,96648125.0,97555041.0,98753208.0,99766958.0,100809750.0,101915250.0,102641708.0,103686083.0,104770083.0,105866458.0],"unit":"ns","throughput":[],"typical":{"estimate":75842.33151322594,"lower_bound":75777.80683261827,"upper_bound":75928.03383387948,"unit":"ns"},"mean":{"estimate":75928.63463917021,"lower_bound":75859.11134919371,"upper_bound":76013.63985924318,"unit":"ns"},"median":{"estimate":75850.49350998463,"lower_bound":75822.76565008025,"upper_bound":75874.66931216931,"unit":"ns"},"median_abs_dev":{"estimate":115.03255458886282,"lower_bound":88.20321064017854,"upper_bound":137.06340636652538,"unit":"ns"},"slope":{"estimate":75842.33151322594,"lower_bound":75777.80683261827,"upper_bound":75928.03383387948,"unit":"ns"},"change":{"mean":{"estimate":-0.5670588873222722,"lower_bound":-0.5679964697789606,"upper_bound":-0.5661890436406368,"unit":"%"},"median":{"estimate":-0.5664238760049822,"lower_bound":-0.5666936956685612,"upper_bound":-0.566206300551011,"unit":"%"},"change":"Improved"}}
{"reason":"group-complete","group_name":"Solutions","benchmarks":["Solutions/Part 01/Day 02","Solutions/Part 02/Day 01","Solutions/Part 01/Day 01","Solutions/Day 01/Part 01","Solutions/Day 01/Part 02","Solutions/Day 02/Part 01","Solutions/Day 02/Part 02","Solutions/Day 03/Part 01","Solutions/Day 03/Part 02","Solutions/Day 04/Part 01","Solutions/Day 04/Part 02","Solutions/Day 05/Part 01","Solutions/Day 05/Part 02","Solutions/Day 06/Part 01","Solutions/Day 06/Part 02","Solutions/Day 07/Part 01","Solutions/Day 07/Part 02","Solutions/Day 08/Part 01","Solutions/Day 08/Part 02","Solutions/Day 09/Part 01","Solutions/Day 09/Part 02","Solutions/Day 10/Part 01","Solutions/Day 10/Part 02","Solutions/Day 11/Part 01","Solutions/Day 11/Part 02","Solutions/Day 12/Part 01","Solutions/Day 12/Part 02"],"report_directory":"/Volumes/sources/Personal/AOC2022/target/criterion/reports/Solutions"}
