{"reason":"benchmark-complete","id":"Solutions/Day 09/Part 01","report_directory":"/Volumes/sources/Personal/AOC2022/target/criterion/reports/Solutions/Day 09_Part 01","iteration_count":[2,4,6,8,10,12,14,16,18,20,22,24,26,28,30,32,34,36,38,40,42,44,46,48,50,52,54,56,58,60,62,64,66,68,70,72,74,76,78,80,82,84,86,88,90,92,94,96,98,100,102,104,106,108,110,112,114,116,118,120,122,124,126,128,130,132,134,136,138,140,142,144,146,148,150,152,154,156,158,160,162,164,166,168,170,172,174,176,178,180,182,184,186,188,190,192,194,196,198,200],"measured_values":[1205541.0,2345666.0,3185208.0,4346958.0,5752166.0,6711958.0,7922666.0,8943083.0,9920708.0,10808583.0,11992750.0,12939041.0,14093041.0,15425166.0,16083375.0,17429791.0,18505083.0,19725041.0,20645500.0,21653541.0,22905958.0,23941083.0,25038208.0,26016083.0,27345458.0,28241458.0,29481458.0,30497041.0,31325416.0,32732958.0,33710666.0,34591625.0,35969375.0,36892333.0,38394041.0,39126416.0,40251291.0,41478583.0,41913250.0,43519375.0,44736916.0,45677041.0,46702708.0,47571416.0,49067875.0,49691875.0,50843333.0,52555500.0,55245333.0,54768541.0,55238416.0,56799708.0,57517125.0,58565958.0,59924333.0,60715666.0,61800750.0,63205875.0,64175083.0,65696416.0,65865416.0,67390333.0,68843333.0,69204541.0,70370875.0,71436083.0,72491541.0,73673375.0,75370958.0,76278500.0,77437833.0,78292125.0,79404125.0,80445291.0,81823916.0,82807583.0,83175541.0,86104041.0,85854083.0,86792750.0,88255250.0,88666250.0,90427041.0,91386333.0,91986875.0,93472875.0,94453375.0,95997041.0,96900416.0,98149958.0,98863375.0,99628541.0,100524500.0,101589625.0,103380208.0,104392750.0,105378166.0,106656291.0,109055458.0,108591500.0],"unit":"ns","throughput":[],"typical":{"estimate":543836.6111659524,"lower_bound":543148.7362384448,"upper_bound":544607.5918983024,"unit":"ns"},"mean":{"estimate":545639.8870061842,"lower_bound":544064.0312231017,"upper_bound":547563.850956906,"unit":"ns"},"median":{"estimate":543860.252728117,"lower_bound":543380.2721518987,"upper_bound":544449.4437111801,"unit":"ns"},"median_abs_dev":{"estimate":2565.123484755229,"lower_bound":1887.3244949023203,"upper_bound":3481.6859000601025,"unit":"ns"},"slope":{"estimate":543836.6111659524,"lower_bound":543148.7362384448,"upper_bound":544607.5918983024,"unit":"ns"},"change":{"mean":{"estimate":-0.0007342830259322586,"lower_bound":-0.004321154345733452,"upper_bound":0.0031149542599754644,"unit":"%"},"median":{"estimate":-0.0010458424386908804,"lower_bound":-0.0025603558926637904,"upper_bound":0.00006123855008322792,"unit":"%"},"change":"NoChange"}}
{"reason":"benchmark-complete","id":"Solutions/Day 09/Part 02","report_directory":"/Volumes/sources/Personal/AOC2022/target/criterion/reports/Solutions/Day 09_Part 02","iteration_count":[2,4,6,8,10,12,14,16,18,20,22,24,26,28,30,32,34,36,38,40,42,44,46,48,50,52,54,56,58,60,62,64,66,68,70,72,74,76,78,80,82,84,86,88,90,92,94,96,98,100,102,104,106,108,110,112,114,116,118,120,122,124,126,128,130,132,134,136,138,140,142,144,146,148,150,152,154,156,158,160,162,164,166,168,170,172,174,176,178,180,182,184,186,188,190,192,194,196,198,200],"measured_values":[1236791.0,2187625.0,3170625.0,4171208.0,5381958.0,6821875.0,7421458.0,8687083.0,9465000.0,10475416.0,11533125.0,12523791.0,13746916.0,14477583.0,15686833.0,16786291.0,17780250.0,18760083.0,19825708.0,20754541.0,21841916.0,22999541.0,23923958.0,24974083.0,25993750.0,26949208.0,28050875.0,29121333.0,30161916.0,31296958.0,32200250.0,33350208.0,34356541.0,35451083.0,36538916.0,37580416.0,38455291.0,39502666.0,40640708.0,41568375.0,42843500.0,43729625.0,45015125.0,46412166.0,48033750.0,47933000.0,49017541.0,50135083.0,51157958.0,52271750.0,53200416.0,54132041.0,55345333.0,56533541.0,57139458.0,58299708.0,59149750.0,60391416.0,61371958.0,62577125.0,63752916.0,64732666.0,65740708.0,66696583.0,67508833.0,68816458.0,69707291.0,70700625.0,71885208.0,72798708.0,74128000.0,74967541.0,75935291.0,77153708.0,78161541.0,80704291.0,79950958.0,81103791.0,82056041.0,83530833.0,84361708.0,85622416.0,86540041.0,87306750.0,88217583.0,89550833.0,90577208.0,91551291.0,92394833.0,93619416.0,94838666.0,95863000.0,96738666.0,97405791.0,98507291.0,99575958.0,100673041.0,103302625.0,103134250.0,104116625.0],"unit":"ns","throughput":[],"typical":{"estimate":520945.8631505837,"lower_bound":520399.7432012398,"upper_bound":521619.0565347122,"unit":"ns"},"mean":{"estimate":523567.03205367527,"lower_bound":521705.8748896168,"upper_bound":526123.5983103684,"unit":"ns"},"median":{"estimate":521050.886318109,"lower_bound":520590.7738095238,"upper_bound":521401.32900500624,"unit":"ns"},"median_abs_dev":{"estimate":1554.6031904490733,"lower_bound":1280.749053813588,"upper_bound":2133.24121415442,"unit":"ns"},"slope":{"estimate":520945.8631505837,"lower_bound":520399.7432012398,"upper_bound":521619.0565347122,"unit":"ns"},"change":{"mean":{"estimate":-0.004134012005880372,"lower_bound":-0.008872460341576075,"upper_bound":0.0013553050176942467,"unit":"%"},"median":{"estimate":-0.005547134007662713,"lower_bound":-0.006589717446308985,"upper_bound":-0.004593671954092123,"unit":"%"},"change":"NoChange"}}
{"reason":"group-complete","group_name":"Solutions","benchmarks":["Solutions/Part 01/Day 02","Solutions/Part 02/Day 01","Solutions/Part 01/Day 01","Solutions/Day 01/Part 01","Solutions/Day 01/Part 02","Solutions/Day 02/Part 01","Solutions/Day 02/Part 02","Solutions/Day 03/Part 01","Solutions/Day 03/Part 02","Solutions/Day 04/Part 01","Solutions/Day 04/Part 02","Solutions/Day 05/Part 01","Solutions/Day 05/Part 02","Solutions/Day 06/Part 01","Solutions/Day 06/Part 02","Solutions/Day 07/Part 01","Solutions/Day 07/Part 02","Solutions/Day 08/Part 01","Solutions/Day 08/Part 02","Solutions/Day 09/Part 01","Solutions/Day 09/Part 02","Solutions/Day 10/Part 01","Solutions/Day 10/Part 02","Solutions/Day 11/Part 01","Solutions/Day 11/Part 02","Solutions/Day 12/Part 01","Solutions/Day 12/Part 02"],"report_directory":"/Volumes/sources/Personal/AOC2022/target/criterion/reports/Solutions"}
