{"reason":"benchmark-complete","id":"Solutions/Day 08/Part 01","report_directory":"/Volumes/sources/Personal/AOC2022/target/criterion/reports/Solutions/Day 08_Part 01","iteration_count":[3,6,9,12,15,18,21,24,27,30,33,36,39,42,45,48,51,54,57,60,63,66,69,72,75,78,81,84,87,90,93,96,99,102,105,108,111,114,117,120,123,126,129,132,135,138,141,144,147,150,153,156,159,162,165,168,171,174,177,180,183,186,189,192,195,198,201,204,207,210,213,216,219,222,225,228,231,234,237,240,243,246,249,252,255,258,261,264,267,270,273,276,279,282,285,288,291,294,297,300],"measured_values":[1076625.0,2225708.0,3372083.0,4243208.0,5339916.0,6328666.0,7406791.0,8447000.0,9476125.0,10538375.0,11654416.0,12615666.0,13678750.0,14718458.0,15758125.0,16832041.0,17844541.0,18934583.0,19802708.0,21003583.0,21579666.0,22675666.0,23623416.0,24823958.0,25617125.0,26496666.0,27595541.0,27997416.0,29309791.0,29650791.0,30928625.0,32485125.0,32137500.0,34221083.0,35000250.0,35898583.0,36811458.0,36393916.0,38637125.0,39586666.0,40489083.0,41115666.0,41649041.0,42352916.0,43403500.0,45312250.0,44911416.0,46245375.0,46826375.0,47749291.0,48743833.0,49112333.0,50515708.0,51622791.0,52329041.0,53679541.0,56629625.0,57614291.0,57636416.0,60406083.0,64114166.0,64116916.0,64564250.0,64753166.0,64471708.0,66329291.0,66416416.0,65775166.0,66897083.0,67168458.0,67842375.0,68799333.0,69619000.0,70361208.0,71773250.0,72382833.0,73269833.0,74335000.0,79579666.0,83218458.0,84067291.0,85237541.0,86142625.0,87113208.0,88135375.0,89110541.0,88574875.0,91050250.0,90427791.0,91578791.0,92372708.0,93334083.0,94451083.0,95272166.0,96266416.0,98175125.0,98358750.0,99231375.0,99652958.0,100663750.0],"unit":"ns","throughput":[],"typical":{"estimate":333500.54729323677,"lower_bound":330900.8478431733,"upper_bound":335842.21339066897,"unit":"ns"},"mean":{"estimate":336109.78720926284,"lower_bound":333612.2446428941,"upper_bound":338653.00947783276,"unit":"ns"},"median":{"estimate":337388.87829506805,"lower_bound":333302.5714285714,"upper_bound":339180.7074074074,"unit":"ns"},"median_abs_dev":{"estimate":13684.314372335748,"lower_bound":11123.041718273156,"upper_bound":19824.504438528915,"unit":"ns"},"slope":{"estimate":333500.54729323677,"lower_bound":330900.8478431733,"upper_bound":335842.21339066897,"unit":"ns"},"change":{"mean":{"estimate":-0.1508167302315645,"lower_bound":-0.15786840234631097,"upper_bound":-0.1434396812404856,"unit":"%"},"median":{"estimate":-0.14596868199791846,"lower_bound":-0.1563123366453102,"upper_bound":-0.14098809376098653,"unit":"%"},"change":"Improved"}}
{"reason":"benchmark-complete","id":"Solutions/Day 08/Part 02","report_directory":"/Volumes/sources/Personal/AOC2022/target/criterion/reports/Solutions/Day 08_Part 02","iteration_count":[3,6,9,12,15,18,21,24,27,30,33,36,39,42,45,48,51,54,57,60,63,66,69,72,75,78,81,84,87,90,93,96,99,102,105,108,111,114,117,120,123,126,129,132,135,138,141,144,147,150,153,156,159,162,165,168,171,174,177,180,183,186,189,192,195,198,201,204,207,210,213,216,219,222,225,228,231,234,237,240,243,246,249,252,255,258,261,264,267,270,273,276,279,282,285,288,291,294,297,300],"measured_values":[1299916.0,2481500.0,3663541.0,5177625.0,6215583.0,7530791.0,8649291.0,9837958.0,11060125.0,12268708.0,13466791.0,14764083.0,15941208.0,17116791.0,18343083.0,19589500.0,20851375.0,21941416.0,23176916.0,24256125.0,25496916.0,26617958.0,27803875.0,28988291.0,30104791.0,31327708.0,32469291.0,33708916.0,34702875.0,35936875.0,36728875.0,38030333.0,39048625.0,40269833.0,41428875.0,42868916.0,43981541.0,44716208.0,45587708.0,47121416.0,48892666.0,52416458.0,51740583.0,52753375.0,54386666.0,55672916.0,56438166.0,57598250.0,58244541.0,58953958.0,59870666.0,60651250.0,61593708.0,62617916.0,65746750.0,67403166.0,68002666.0,69047916.0,70120875.0,70837125.0,71977291.0,74080291.0,75120083.0,75978375.0,76984541.0,77888458.0,79135041.0,79116625.0,80933125.0,81006791.0,84262458.0,87701333.0,87136791.0,87640875.0,90174250.0,90037916.0,90034916.0,90895291.0,92520083.0,93544791.0,94342000.0,95016708.0,95964625.0,97077458.0,101290416.0,105222000.0,106342291.0,107361958.0,108560083.0,108396250.0,111900541.0,113472625.0,113200333.0,114256041.0,113598958.0,112942583.0,113227833.0,114444541.0,118465000.0,118448208.0],"unit":"ns","throughput":[],"typical":{"estimate":396804.78200187185,"lower_bound":394810.5464865835,"upper_bound":398830.4006792711,"unit":"ns"},"mean":{"estimate":399889.35974714824,"lower_bound":398168.66197612794,"upper_bound":401689.9375934342,"unit":"ns"},"median":{"estimate":398732.44447988656,"lower_bound":396723.70837307896,"upper_bound":401209.3214285714,"unit":"ns"},"median_abs_dev":{"estimate":8921.16410161766,"lower_bound":6414.977571075621,"upper_bound":11411.05565041858,"unit":"ns"},"slope":{"estimate":396804.78200187185,"lower_bound":394810.5464865835,"upper_bound":398830.4006792711,"unit":"ns"},"change":{"mean":{"estimate":-0.11294158954657507,"lower_bound":-0.11715130610421817,"upper_bound":-0.10836421216257236,"unit":"%"},"median":{"estimate":-0.11494635851367374,"lower_bound":-0.12003079152614204,"upper_bound":-0.1092989186437332,"unit":"%"},"change":"Improved"}}
{"reason":"group-complete","group_name":"Solutions","benchmarks":["Solutions/Part 01/Day 02","Solutions/Part 02/Day 01","Solutions/Part 01/Day 01","Solutions/Day 01/Part 01","Solutions/Day 01/Part 02","Solutions/Day 02/Part 01","Solutions/Day 02/Part 02","Solutions/Day 03/Part 01","Solutions/Day 03/Part 02","Solutions/Day 04/Part 01","Solutions/Day 04/Part 02","Solutions/Day 05/Part 01","Solutions/Day 05/Part 02","Solutions/Day 06/Part 01","Solutions/Day 06/Part 02","Solutions/Day 07/Part 01","Solutions/Day 07/Part 02","Solutions/Day 08/Part 01","Solutions/Day 08/Part 02","Solutions/Day 09/Part 01","Solutions/Day 09/Part 02","Solutions/Day 10/Part 01","Solutions/Day 10/Part 02","Solutions/Day 11/Part 01","Solutions/Day 11/Part 02"],"report_directory":"/Volumes/sources/Personal/AOC2022/target/criterion/reports/Solutions"}
