{"reason":"benchmark-complete","id":"Solutions/Day 08/Part 01","report_directory":"/Volumes/sources/Personal/AOC2022/target/criterion/reports/Solutions/Day 08_Part 01","iteration_count":[3,6,9,12,15,18,21,24,27,30,33,36,39,42,45,48,51,54,57,60,63,66,69,72,75,78,81,84,87,90,93,96,99,102,105,108,111,114,117,120,123,126,129,132,135,138,141,144,147,150,153,156,159,162,165,168,171,174,177,180,183,186,189,192,195,198,201,204,207,210,213,216,219,222,225,228,231,234,237,240,243,246,249,252,255,258,261,264,267,270,273,276,279,282,285,288,291,294,297,300],"measured_values":[1195541.0,2434125.0,3635750.0,4710291.0,5931125.0,7148166.0,8279208.0,9510583.0,10718708.0,11821875.0,13048125.0,14182000.0,15398791.0,16628708.0,17759583.0,18901583.0,20965583.0,22551333.0,22571250.0,24766000.0,24984500.0,26500250.0,27752125.0,28647458.0,30005666.0,30687500.0,32702458.0,32612541.0,34137291.0,35238958.0,36214000.0,37337958.0,38456375.0,40844833.0,42604166.0,43617958.0,44636291.0,45770083.0,46768500.0,47833208.0,48789750.0,49314791.0,50228583.0,51391875.0,53619125.0,54526541.0,55653541.0,56828041.0,57631791.0,58960791.0,59624541.0,60470875.0,61520250.0,66106208.0,68398750.0,68709583.0,68654333.0,69030583.0,69849958.0,70573375.0,73028125.0,76133583.0,76942625.0,77563708.0,78430125.0,78280291.0,79926083.0,80141041.0,80720958.0,81752541.0,82306041.0,82832333.0,84016416.0,85047041.0,86183375.0,87304083.0,88504916.0,89609500.0,93061583.0,96718791.0,96899791.0,99117208.0,99392708.0,100839458.0,100722208.0,100927333.0,100722125.0,101484875.0,104519083.0,106156625.0,107356750.0,108329041.0,109483375.0,112068083.0,112792333.0,113035000.0,112940250.0,117058458.0,119126166.0,118339041.0],"unit":"ns","throughput":[],"typical":{"estimate":394080.4324003744,"lower_bound":392443.4798504811,"upper_bound":395753.10690066457,"unit":"ns"},"mean":{"estimate":395803.5905499138,"lower_bound":394417.40089367883,"upper_bound":397233.3814163758,"unit":"ns"},"median":{"estimate":395054.45664961636,"lower_bound":393922.7395833334,"upper_bound":396664.6341463415,"unit":"ns"},"median_abs_dev":{"estimate":6018.897071828665,"lower_bound":4520.6150035241635,"upper_bound":8540.004750890514,"unit":"ns"},"slope":{"estimate":394080.4324003744,"lower_bound":392443.4798504811,"upper_bound":395753.10690066457,"unit":"ns"},"change":{"mean":{"estimate":-0.07029538047014128,"lower_bound":-0.07503434941553068,"upper_bound":-0.06535626489221086,"unit":"%"},"median":{"estimate":-0.0706583311862734,"lower_bound":-0.07410095230946556,"upper_bound":-0.06532529692639422,"unit":"%"},"change":"Improved"}}
{"reason":"benchmark-complete","id":"Solutions/Day 08/Part 02","report_directory":"/Volumes/sources/Personal/AOC2022/target/criterion/reports/Solutions/Day 08_Part 02","iteration_count":[3,6,9,12,15,18,21,24,27,30,33,36,39,42,45,48,51,54,57,60,63,66,69,72,75,78,81,84,87,90,93,96,99,102,105,108,111,114,117,120,123,126,129,132,135,138,141,144,147,150,153,156,159,162,165,168,171,174,177,180,183,186,189,192,195,198,201,204,207,210,213,216,219,222,225,228,231,234,237,240,243,246,249,252,255,258,261,264,267,270,273,276,279,282,285,288,291,294,297,300],"measured_values":[1386750.0,2708500.0,4066750.0,5430750.0,6878875.0,8215666.0,9512333.0,10834041.0,12218125.0,13555666.0,14958125.0,16262083.0,17631250.0,18977208.0,20305916.0,21754625.0,23480875.0,24514583.0,25996916.0,27233166.0,28657083.0,29808541.0,31049916.0,32476291.0,33662291.0,35058333.0,36433291.0,37558000.0,38765416.0,40066083.0,41153291.0,42455208.0,44021041.0,45319083.0,46656458.0,47915416.0,49155083.0,50682000.0,53200125.0,54009208.0,55767166.0,56414208.0,57822541.0,59043125.0,60106750.0,61420333.0,63522666.0,67099000.0,67182625.0,68172625.0,68906500.0,70281166.0,71552333.0,73010833.0,74833000.0,75848041.0,76968916.0,78884666.0,79611000.0,80787833.0,82214708.0,83025750.0,83922666.0,85682291.0,86891291.0,88148958.0,91418333.0,92005333.0,93310458.0,94568958.0,95864458.0,98222333.0,102085125.0,102486083.0,103184500.0,104078583.0,105525166.0,105961458.0,106124625.0,107014833.0,108981291.0,111978250.0,111772500.0,112669583.0,113920666.0,117629125.0,118277291.0,118800000.0,119699541.0,122850000.0,124874541.0,124219375.0,124477750.0,127779833.0,128899500.0,129286833.0,130438291.0,132014666.0,130810333.0,132163291.0],"unit":"ns","throughput":[],"typical":{"estimate":450448.05288113886,"lower_bound":449085.53833325894,"upper_bound":451808.2773383247,"unit":"ns"},"mean":{"estimate":450803.86481285095,"lower_bound":449852.5063450694,"upper_bound":451780.004496734,"unit":"ns"},"median":{"estimate":450517.8282869613,"lower_bound":449897.16698646196,"upper_bound":451644.5606060606,"unit":"ns"},"median_abs_dev":{"estimate":4237.334734025571,"lower_bound":3280.2108770773607,"upper_bound":5761.986539370956,"unit":"ns"},"slope":{"estimate":450448.05288113886,"lower_bound":449085.53833325894,"upper_bound":451808.2773383247,"unit":"ns"},"change":{"mean":{"estimate":-0.05290485800094524,"lower_bound":-0.05675428559958019,"upper_bound":-0.04963893706978363,"unit":"%"},"median":{"estimate":-0.05303844510234745,"lower_bound":-0.05492529297857707,"upper_bound":-0.04906843889864765,"unit":"%"},"change":"Improved"}}
{"reason":"group-complete","group_name":"Solutions","benchmarks":["Solutions/Part 01/Day 02","Solutions/Part 02/Day 01","Solutions/Part 01/Day 01","Solutions/Day 01/Part 01","Solutions/Day 01/Part 02","Solutions/Day 02/Part 01","Solutions/Day 02/Part 02","Solutions/Day 03/Part 01","Solutions/Day 03/Part 02","Solutions/Day 04/Part 01","Solutions/Day 04/Part 02","Solutions/Day 05/Part 01","Solutions/Day 05/Part 02","Solutions/Day 06/Part 01","Solutions/Day 06/Part 02","Solutions/Day 07/Part 01","Solutions/Day 07/Part 02","Solutions/Day 08/Part 01","Solutions/Day 08/Part 02","Solutions/Day 09/Part 01","Solutions/Day 09/Part 02","Solutions/Day 10/Part 01","Solutions/Day 10/Part 02","Solutions/Day 11/Part 01","Solutions/Day 11/Part 02"],"report_directory":"/Volumes/sources/Personal/AOC2022/target/criterion/reports/Solutions"}
