{"reason":"benchmark-complete","id":"Solutions/Day 08/Part 01","report_directory":"/Volumes/sources/Personal/AOC2022/target/criterion/reports/Solutions/Day 08_Part 01","iteration_count":[3,6,9,12,15,18,21,24,27,30,33,36,39,42,45,48,51,54,57,60,63,66,69,72,75,78,81,84,87,90,93,96,99,102,105,108,111,114,117,120,123,126,129,132,135,138,141,144,147,150,153,156,159,162,165,168,171,174,177,180,183,186,189,192,195,198,201,204,207,210,213,216,219,222,225,228,231,234,237,240,243,246,249,252,255,258,261,264,267,270,273,276,279,282,285,288,291,294,297,300],"measured_values":[1010208.0,2108708.0,3241958.0,4337083.0,5236083.0,6521458.0,7605250.0,8356500.0,8924333.0,9856375.0,10824208.0,11886916.0,12758083.0,13742208.0,14702833.0,15673875.0,16724833.0,18476708.0,18585416.0,19904625.0,20634166.0,21842083.0,22733625.0,23171541.0,24524500.0,25102458.0,26105583.0,26939166.0,28038625.0,29034416.0,29768125.0,30662125.0,31964333.0,32729875.0,33467208.0,34073083.0,35006583.0,36014458.0,38180666.0,40097625.0,40334083.0,41688375.0,43026333.0,43639875.0,43937458.0,44490625.0,45739125.0,46771125.0,47649375.0,47787000.0,51777083.0,52534916.0,53224458.0,53019083.0,53548750.0,54377625.0,55182833.0,55920791.0,56576166.0,58515541.0,59908291.0,60865833.0,62300416.0,66718500.0,66409666.0,67066708.0,67475875.0,70496041.0,67738625.0,68531833.0,68578000.0,69056916.0,70012291.0,70267125.0,74198125.0,75447208.0,75665583.0,75249416.0,75117041.0,76093458.0,78157666.0,81503208.0,81721250.0,82658458.0,83700333.0,84652541.0,86648833.0,91606000.0,92327041.0,94655958.0,89458333.0,90681958.0,93671000.0,94753125.0,92542958.0,92151250.0,92598250.0,94345708.0,97562541.0,97485125.0],"unit":"ns","throughput":[],"typical":{"estimate":328310.7533018078,"lower_bound":326108.84340760234,"upper_bound":330641.45807863836,"unit":"ns"},"mean":{"estimate":329505.86733782734,"lower_bound":327503.8885875123,"upper_bound":331643.5243806777,"unit":"ns"},"median":{"estimate":327323.0002529852,"lower_bound":326200.99586466164,"upper_bound":328197.7911646586,"unit":"ns"},"median_abs_dev":{"estimate":7382.620671785965,"lower_bound":5132.360219868918,"upper_bound":9550.73171843567,"unit":"ns"},"slope":{"estimate":328310.7533018078,"lower_bound":326108.84340760234,"upper_bound":330641.45807863836,"unit":"ns"},"change":{"mean":{"estimate":-0.01964810345532686,"lower_bound":-0.02895074670842208,"upper_bound":-0.010070886680533419,"unit":"%"},"median":{"estimate":-0.02983464687084192,"lower_bound":-0.03580468065338682,"upper_bound":-0.0168990453683161,"unit":"%"},"change":"Improved"}}
{"reason":"benchmark-complete","id":"Solutions/Day 08/Part 02","report_directory":"/Volumes/sources/Personal/AOC2022/target/criterion/reports/Solutions/Day 08_Part 02","iteration_count":[3,6,9,12,15,18,21,24,27,30,33,36,39,42,45,48,51,54,57,60,63,66,69,72,75,78,81,84,87,90,93,96,99,102,105,108,111,114,117,120,123,126,129,132,135,138,141,144,147,150,153,156,159,162,165,168,171,174,177,180,183,186,189,192,195,198,201,204,207,210,213,216,219,222,225,228,231,234,237,240,243,246,249,252,255,258,261,264,267,270,273,276,279,282,285,288,291,294,297,300],"measured_values":[1388083.0,2475083.0,3748916.0,5276791.0,6102458.0,7570541.0,8579875.0,9882208.0,10893458.0,12073833.0,13360916.0,14480208.0,15715250.0,16846958.0,18058833.0,19270166.0,20441625.0,21555291.0,22359541.0,23304041.0,24314541.0,25723916.0,26973208.0,27893541.0,29026208.0,30195000.0,31244875.0,32608625.0,34035458.0,35821708.0,37218916.0,37571583.0,38626416.0,40041875.0,40445000.0,41343333.0,42392625.0,43386166.0,44446791.0,46710833.0,48863041.0,51350083.0,52375541.0,52677500.0,54464625.0,57352208.0,56688708.0,59336041.0,60779125.0,61190500.0,62520083.0,62566166.0,62114041.0,62999375.0,64196666.0,65114833.0,65929291.0,68417000.0,70620208.0,71311500.0,71240333.0,72623708.0,73462291.0,74994625.0,75692750.0,80082250.0,86375000.0,83465625.0,82070458.0,81697583.0,87646875.0,86002416.0,86390375.0,90646208.0,92048250.0,91810416.0,93806916.0,93224500.0,93855125.0,93557125.0,93563708.0,96227666.0,99256208.0,99966208.0,100009333.0,101163583.0,102627208.0,103412833.0,104466083.0,105547416.0,107372041.0,109682041.0,109328375.0,111363916.0,110339625.0,113957916.0,112152875.0,112807666.0,113915500.0,114965666.0],"unit":"ns","throughput":[],"typical":{"estimate":394555.0457346929,"lower_bound":392554.656828019,"upper_bound":396812.5253589902,"unit":"ns"},"mean":{"estimate":397589.40341029526,"lower_bound":395271.057363369,"upper_bound":400154.10102043074,"unit":"ns"},"median":{"estimate":395297.35593971633,"lower_bound":391857.9749103943,"upper_bound":398395.2991452991,"unit":"ns"},"median_abs_dev":{"estimate":10116.440218588783,"lower_bound":7494.454321907255,"upper_bound":12669.03787454195,"unit":"ns"},"slope":{"estimate":394555.0457346929,"lower_bound":392554.656828019,"upper_bound":396812.5253589902,"unit":"ns"},"change":{"mean":{"estimate":-0.005751481705607908,"lower_bound":-0.012956412791204543,"upper_bound":0.002087096377946693,"unit":"%"},"median":{"estimate":-0.008615021395239175,"lower_bound":-0.020325602009124092,"upper_bound":0.0010722515730791891,"unit":"%"},"change":"NoChange"}}
{"reason":"group-complete","group_name":"Solutions","benchmarks":["Solutions/Part 01/Day 02","Solutions/Part 02/Day 01","Solutions/Part 01/Day 01","Solutions/Day 01/Part 01","Solutions/Day 01/Part 02","Solutions/Day 02/Part 01","Solutions/Day 02/Part 02","Solutions/Day 03/Part 01","Solutions/Day 03/Part 02","Solutions/Day 04/Part 01","Solutions/Day 04/Part 02","Solutions/Day 05/Part 01","Solutions/Day 05/Part 02","Solutions/Day 06/Part 01","Solutions/Day 06/Part 02","Solutions/Day 07/Part 01","Solutions/Day 07/Part 02","Solutions/Day 08/Part 01","Solutions/Day 08/Part 02","Solutions/Day 09/Part 01","Solutions/Day 09/Part 02","Solutions/Day 10/Part 01","Solutions/Day 10/Part 02","Solutions/Day 11/Part 01","Solutions/Day 11/Part 02","Solutions/Day 12/Part 01","Solutions/Day 12/Part 02"],"report_directory":"/Volumes/sources/Personal/AOC2022/target/criterion/reports/Solutions"}
